企业编号,SS(悬浮物),标准（mg/L）,TP(总磷),标准（mg/L）,COD(化学需氧量),标准（mg/L）,TN(总氮),标准（mg/L）,BOD(生物需氧量),标准（mg/L）,NH3-N(氨氮),标准（mg/L）,FL（氟化物）,标准（mg/L）,PH值,标准
CDMS0000001,151.6,160,3.41,5.5,71.22,100,38.71,40,99.75,100,27.59,30,12.07,10,8,6-9
CDMS0000002,168.45,160,5.94,5.5,87.87,100,45.37,40,109.69,100,29.92,30,11.16,10,9,6-9
CDMS0000003,143.44,160,4.98,5.5,72.44,100,30.11,40,93.47,100,26.14,30,8.43,10,6,6-9
CDMS0000004,157.02,160,4.69,5.5,99.09,100,41.6,40,82.22,100,29.24,30,11.81,10,6,6-9
CDMS0000005,120.04,160,5.22,5.5,67.5,100,32.4,40,67.25,100,22.19,30,9.73,10,8,6-9
CDMS0000006,138.47,160,5.55,5.5,79.95,100,35.76,40,60.16,100,35.46,30,11.75,10,8,6-9
CDMS0000007,105.38,160,3.92,5.5,94.84,100,45.44,40,110.84,100,34.52,30,11.82,10,6,6-9
CDMS0000008,143.08,160,3.48,5.5,88.35,100,38.87,40,87.98,100,32.05,30,12.29,10,10,6-9
CDMS0000009,160.41,160,4.46,5.5,102.82,100,41.51,40,99.71,100,33.55,30,6.37,10,6,6-9
CDMS0000010,139.21,160,4.31,5.5,89.75,100,39.61,40,99.85,100,19.67,30,8.42,10,9,6-9
CDMS0000011,165.27,160,5.35,5.5,92.2,100,29.45,40,61.7,100,21.91,30,8.88,10,6,6-9
CDMS0000012,139.64,160,5.53,5.5,87.21,100,30.3,40,66.28,100,31.51,30,7.16,10,10,6-9
CDMS0000013,129.35,160,5.07,5.5,82.82,100,30.95,40,103.26,100,19.97,30,12.7,10,6,6-9
CDMS0000014,121.33,160,5.21,5.5,86.41,100,37.35,40,110.22,100,23.66,30,6.13,10,10,6-9
CDMS0000015,144.79,160,4.03,5.5,78.86,100,37.69,40,93.85,100,29.74,30,9.04,10,9,6-9
CDMS0000016,121.7,160,4.46,5.5,74.88,100,43.33,40,89.16,100,20.65,30,7.83,10,9,6-9
CDMS0000017,161.51,160,3.61,5.5,96.91,100,39.48,40,109.06,100,21.41,30,9.72,10,10,6-9
CDMS0000018,133.71,160,5.16,5.5,90.17,100,39.6,40,76.28,100,35.21,30,7.1,10,10,6-9
CDMS0000019,133.9,160,5.81,5.5,91.34,100,33.03,40,92.26,100,24.33,30,11.71,10,8,6-9
CDMS0000020,147.26,160,3.93,5.5,67.64,100,36.99,40,103.5,100,20.87,30,9.47,10,9,6-9
CDMS0000021,120.96,160,5.83,5.5,77.79,100,32.98,40,81.97,100,28.73,30,10.5,10,6,6-9
CDMS0000022,114.03,160,4.99,5.5,94.16,100,28.81,40,78.32,100,29.36,30,8.77,10,6,6-9
CDMS0000023,137.92,160,4.51,5.5,64.54,100,38.6,40,73.17,100,34.98,30,7.18,10,6,6-9
CDMS0000024,158.41,160,5.29,5.5,105.76,100,44.77,40,89.29,100,20.23,30,7.54,10,10,6-9
CDMS0000025,157.26,160,4.81,5.5,80.66,100,30.25,40,69.62,100,23.1,30,6.82,10,10,6-9
CDMS0000026,160.11,160,3.81,5.5,62.42,100,34.1,40,106.43,100,33.56,30,9.48,10,7,6-9
CDMS0000027,141.48,160,5.58,5.5,80.26,100,38.32,40,66.26,100,32.71,30,12.44,10,8,6-9
CDMS0000028,106.16,160,5.75,5.5,64.4,100,28.09,40,77.77,100,29.89,30,11.85,10,9,6-9
CDMS0000029,129.87,160,3.71,5.5,87.76,100,42.41,40,86.1,100,26.8,30,10.31,10,8,6-9
CDMS0000030,104.58,160,5.1,5.5,99.99,100,39.65,40,76.52,100,26.62,30,12.35,10,7,6-9
CDMS0000031,147.31,160,3.07,5.5,86.47,100,41.86,40,96.33,100,34.72,30,6.43,10,10,6-9
CDMS0000032,100.59,160,5.61,5.5,108.85,100,36.31,40,62.8,100,31.78,30,10.52,10,8,6-9
CDMS0000033,116.09,160,4.22,5.5,102.66,100,31.18,40,82.8,100,28.1,30,10.96,10,7,6-9
CDMS0000034,104.58,160,3.73,5.5,104.37,100,39.79,40,66.43,100,23.64,30,11.57,10,8,6-9
CDMS0000035,126.64,160,5.35,5.5,81.14,100,44.73,40,64.54,100,28.62,30,6.97,10,7,6-9
CDMS0000036,169.89,160,4.48,5.5,86.11,100,44.59,40,98.02,100,21.81,30,12.95,10,6,6-9
CDMS0000037,118.3,160,5.09,5.5,99.95,100,31.76,40,74.58,100,35.76,30,8.36,10,9,6-9
CDMS0000038,117.06,160,4.06,5.5,102.71,100,31.08,40,63.06,100,19.72,30,6.46,10,6,6-9
CDMS0000039,114.43,160,4.99,5.5,70.18,100,26.49,40,98.12,100,29.54,30,7.21,10,9,6-9
CDMS0000040,131.45,160,3.26,5.5,80.39,100,37.78,40,79.21,100,28.24,30,8.89,10,8,6-9
CDMS0000041,123.74,160,5.96,5.5,101.77,100,33.08,40,62.8,100,25.78,30,8.87,10,9,6-9
CDMS0000042,122.73,160,3.34,5.5,93.96,100,43.48,40,60.07,100,24.34,30,8.23,10,7,6-9
CDMS0000043,163.2,160,4.15,5.5,73.8,100,41.47,40,82.87,100,22.84,30,10.66,10,9,6-9
CDMS0000044,121.58,160,4.68,5.5,88.62,100,44.61,40,88.88,100,24.91,30,11.99,10,10,6-9
CDMS0000045,169.04,160,4.5,5.5,108.31,100,37.92,40,104.11,100,20.36,30,7.56,10,7,6-9
CDMS0000046,147.87,160,4.01,5.5,105.07,100,32.76,40,69.4,100,31.6,30,7.83,10,6,6-9
CDMS0000047,115.39,160,5.25,5.5,84.29,100,35.61,40,89.42,100,30.21,30,11.93,10,7,6-9
CDMS0000048,148.16,160,4.88,5.5,92.46,100,41.83,40,68.28,100,24.38,30,8.63,10,7,6-9
CDMS0000049,138.8,160,5.25,5.5,93.68,100,37.93,40,110.52,100,22.65,30,7.53,10,10,6-9
CDMS0000050,153.44,160,3.46,5.5,63.87,100,31.7,40,107.48,100,30.65,30,7.81,10,6,6-9
CDMS0000051,132.81,160,5.35,5.5,70.36,100,32.61,40,86.46,100,21.23,30,6.96,10,8,6-9
CDMS0000052,126.1,160,5.97,5.5,86.8,100,29.68,40,82.96,100,29.92,30,10.36,10,7,6-9
CDMS0000053,156.53,160,4.45,5.5,107.19,100,43.13,40,78.51,100,35.83,30,8.76,10,6,6-9
CDMS0000054,162.52,160,5.53,5.5,60.2,100,31.26,40,91.21,100,33.34,30,6.12,10,8,6-9
CDMS0000055,128.88,160,3.63,5.5,81.65,100,27.62,40,77.65,100,30.46,30,12.01,10,7,6-9
CDMS0000056,109.71,160,5.13,5.5,96.83,100,43.24,40,75.82,100,21.76,30,12.83,10,6,6-9
CDMS0000057,141.52,160,4.76,5.5,78.27,100,26.37,40,77.98,100,25.9,30,9.04,10,8,6-9
CDMS0000058,108.74,160,4.79,5.5,90.83,100,37.79,40,105.09,100,30.58,30,12.04,10,9,6-9
CDMS0000059,112.06,160,3.52,5.5,68.1,100,43.59,40,90.62,100,20.93,30,8.54,10,10,6-9
CDMS0000060,140.48,160,5.89,5.5,83.1,100,40.53,40,82.91,100,24.8,30,7.8,10,6,6-9
CDMS0000061,120.25,160,5.54,5.5,66.37,100,28.6,40,74.69,100,32.83,30,9.7,10,7,6-9
CDMS0000062,131.12,160,3.08,5.5,74.14,100,34.74,40,67.92,100,32.42,30,12.89,10,7,6-9
CDMS0000063,112.25,160,4.53,5.5,64.82,100,43.36,40,96.97,100,26.91,30,7.3,10,8,6-9
CDMS0000064,102.93,160,3.54,5.5,61.56,100,28.11,40,104.19,100,27.57,30,8.94,10,9,6-9
CDMS0000065,147.87,160,5.07,5.5,70.83,100,34.46,40,63.08,100,35.12,30,8.11,10,10,6-9
CDMS0000066,126.87,160,4.2,5.5,108.04,100,39.87,40,87.18,100,26.64,30,9.81,10,8,6-9
CDMS0000067,134.81,160,4.85,5.5,69.19,100,45.32,40,79.88,100,24.5,30,9.35,10,10,6-9
CDMS0000068,129.35,160,5.79,5.5,62.05,100,40.37,40,85.57,100,20.68,30,6.43,10,7,6-9
CDMS0000069,147.85,160,5.27,5.5,76.13,100,37.13,40,78.79,100,29.14,30,10.98,10,10,6-9
CDMS0000070,143.12,160,3.32,5.5,67.73,100,35.88,40,100.4,100,24.56,30,8.68,10,7,6-9
CDMS0000071,138.97,160,4.76,5.5,80.83,100,39.04,40,98.33,100,20.43,30,10.7,10,10,6-9
CDMS0000072,123.83,160,5.71,5.5,71.59,100,40.72,40,67.21,100,31.95,30,7.3,10,10,6-9
CDMS0000073,155.24,160,4.23,5.5,105.39,100,27.35,40,73.54,100,32.16,30,9.76,10,7,6-9
CDMS0000074,170.56,160,5.2,5.5,79.06,100,39.57,40,102.16,100,30.16,30,7.13,10,10,6-9
CDMS0000075,107.54,160,3.25,5.5,73.41,100,45.05,40,101.59,100,35.74,30,12.4,10,6,6-9
CDMS0000076,150.02,160,4.94,5.5,101.06,100,44.06,40,61.38,100,19.25,30,11.36,10,9,6-9
CDMS0000077,149.64,160,3.28,5.5,109.53,100,36.61,40,74.4,100,28.73,30,10.08,10,6,6-9
CDMS0000078,168.47,160,5.98,5.5,105.76,100,38.22,40,110.12,100,28.26,30,8.66,10,7,6-9
CDMS0000079,141.86,160,5.23,5.5,92.65,100,30.81,40,82.94,100,33.25,30,8.24,10,7,6-9
CDMS0000080,137.15,160,5.33,5.5,81.96,100,39.87,40,102.17,100,33.01,30,10.83,10,10,6-9
CDMS0000081,138.88,160,4.06,5.5,91.23,100,26.97,40,105.58,100,35.65,30,7.21,10,10,6-9
CDMS0000082,122.94,160,3.41,5.5,88.93,100,44.85,40,67.65,100,19.97,30,9.81,10,8,6-9
CDMS0000083,142.64,160,3.81,5.5,84.5,100,39.28,40,61.74,100,31.72,30,12.14,10,7,6-9
CDMS0000084,154.5,160,3.27,5.5,91.53,100,28.45,40,96.59,100,35.29,30,8.27,10,10,6-9
CDMS0000085,152.41,160,5.78,5.5,65.14,100,42.78,40,81.69,100,34.38,30,11.53,10,7,6-9
CDMS0000086,166.3,160,5.18,5.5,71.4,100,43.72,40,76.22,100,25.47,30,12.35,10,10,6-9
CDMS0000087,143.99,160,5.89,5.5,89.48,100,27.52,40,84.12,100,20.05,30,10.6,10,6,6-9
CDMS0000088,104.43,160,5.71,5.5,60.51,100,26.66,40,63.74,100,25.3,30,12.04,10,9,6-9
CDMS0000089,113.35,160,5.13,5.5,99.97,100,30.96,40,79.85,100,28.64,30,8.01,10,6,6-9
CDMS0000090,149.34,160,4.97,5.5,94.66,100,36.1,40,61.62,100,34.91,30,6.92,10,8,6-9
CDMS0000091,161.12,160,3.68,5.5,90.5,100,31.13,40,68.69,100,23.12,30,9.35,10,6,6-9
CDMS0000092,150.82,160,4.93,5.5,68.69,100,34.87,40,110.83,100,33.9,30,11.26,10,10,6-9
CDMS0000093,103.87,160,5.9,5.5,104.61,100,35.01,40,98.31,100,25.94,30,6.2,10,10,6-9
CDMS0000094,138.36,160,4.26,5.5,70.97,100,41.14,40,73.23,100,31.92,30,12.7,10,7,6-9
CDMS0000095,115.96,160,3.34,5.5,82.28,100,34.89,40,88.35,100,27.6,30,11.09,10,9,6-9
CDMS0000096,145.66,160,4.38,5.5,62.11,100,36.09,40,60.46,100,24.94,30,8.58,10,7,6-9
CDMS0000097,138.3,160,5.92,5.5,110.94,100,35.19,40,99.2,100,25.51,30,11.19,10,9,6-9
CDMS0000098,141.72,160,5.85,5.5,80.59,100,26.99,40,77.62,100,19.78,30,12.12,10,10,6-9
CDMS0000099,161.58,160,3.09,5.5,90.2,100,29.84,40,110.72,100,26.8,30,9.59,10,8,6-9
CDMS0000100,164.02,160,3.15,5.5,108.98,100,44.18,40,74.83,100,25.36,30,8.64,10,10,6-9
CDMS0000101,122.2,160,3.15,5.5,103.4,100,32.71,40,64.83,100,28.92,30,12.85,10,8,6-9
CDMS0000102,121.41,160,5.86,5.5,75.02,100,42.05,40,72.35,100,26.03,30,8.82,10,8,6-9
CDMS0000103,159.42,160,4.15,5.5,70.44,100,40.44,40,63.75,100,19.53,30,11.86,10,9,6-9
CDMS0000104,107.21,160,3.93,5.5,64.44,100,31.91,40,67.31,100,32.22,30,11.48,10,6,6-9
CDMS0000105,110.31,160,4.4,5.5,68.25,100,43.38,40,82.84,100,28.01,30,6.64,10,6,6-9
CDMS0000106,155.44,160,4.27,5.5,69.41,100,33.98,40,90.1,100,27.09,30,11.41,10,6,6-9
CDMS0000107,102.11,160,4.46,5.5,87.18,100,40.04,40,107.85,100,23.53,30,9.18,10,8,6-9
CDMS0000108,167.3,160,5.57,5.5,83.34,100,38.34,40,86.37,100,26.07,30,8.98,10,8,6-9
CDMS0000109,121.49,160,3.57,5.5,97.08,100,42.2,40,78.69,100,24.34,30,8.91,10,7,6-9
CDMS0000110,104.77,160,3.34,5.5,82.23,100,36.14,40,89.28,100,23.58,30,12.53,10,10,6-9
CDMS0000111,129.67,160,3.95,5.5,93.79,100,28.13,40,71.54,100,29.58,30,7.73,10,8,6-9
CDMS0000112,124.12,160,5.23,5.5,61.81,100,38.86,40,101.92,100,20.74,30,8.18,10,7,6-9
CDMS0000113,150.69,160,5.8,5.5,99.32,100,29.59,40,100.77,100,33.94,30,10.61,10,9,6-9
CDMS0000114,168.12,160,4.04,5.5,73.26,100,28.37,40,65.45,100,32.42,30,8.94,10,10,6-9
CDMS0000115,100.38,160,4.1,5.5,74.06,100,27.28,40,72.82,100,24.92,30,7.16,10,9,6-9
CDMS0000116,120.45,160,5.96,5.5,96.58,100,33.69,40,87.55,100,24.16,30,8.15,10,10,6-9
CDMS0000117,104.08,160,3.09,5.5,87.93,100,30.43,40,70.53,100,19.18,30,8.89,10,9,6-9
CDMS0000118,143.55,160,3.79,5.5,65.43,100,29.07,40,67.16,100,27.47,30,12.69,10,8,6-9
CDMS0000119,164.42,160,5.97,5.5,91.56,100,45.06,40,61.99,100,19.87,30,11.85,10,9,6-9
CDMS0000120,115.14,160,3.82,5.5,77.33,100,33.52,40,105.25,100,26.18,30,10.06,10,9,6-9
CDMS0000121,163.88,160,5.82,5.5,76.21,100,39.55,40,88.16,100,19.17,30,12.9,10,9,6-9
CDMS0000122,146.2,160,4.58,5.5,83.51,100,30.51,40,64.95,100,28.49,30,10.26,10,6,6-9
CDMS0000123,133.09,160,4.23,5.5,90.42,100,29.48,40,60.17,100,25.97,30,9.06,10,7,6-9
CDMS0000124,111.71,160,5.45,5.5,104.82,100,41.05,40,89.51,100,20.64,30,8.69,10,9,6-9
CDMS0000125,111.72,160,4.97,5.5,63.64,100,30.84,40,71.27,100,27.08,30,8.07,10,8,6-9
CDMS0000126,138.2,160,5.85,5.5,108.66,100,44.72,40,69.02,100,32.72,30,10.32,10,9,6-9
CDMS0000127,158.36,160,3.6,5.5,101.14,100,30.99,40,69.35,100,32.67,30,10.71,10,6,6-9
CDMS0000128,156.1,160,5.58,5.5,92.42,100,32.91,40,64.57,100,31.2,30,11.45,10,7,6-9
CDMS0000129,138.71,160,4.8,5.5,109.92,100,43.27,40,75.98,100,20.62,30,12.79,10,9,6-9
CDMS0000130,162.63,160,3.1,5.5,71.47,100,33.95,40,87.16,100,20.67,30,6.63,10,7,6-9
CDMS0000131,108.87,160,3.05,5.5,62.65,100,32.69,40,63.36,100,24.2,30,7.82,10,8,6-9
CDMS0000132,166.49,160,3.3,5.5,103.72,100,36.82,40,93.04,100,25.74,30,7.44,10,7,6-9
CDMS0000133,170.17,160,4.24,5.5,99.51,100,35.5,40,96.19,100,25.42,30,10.63,10,10,6-9
CDMS0000134,115.42,160,4.57,5.5,97.87,100,39.97,40,81.11,100,20.68,30,7.01,10,9,6-9
CDMS0000135,148.44,160,4.42,5.5,79.06,100,41.31,40,96.66,100,24.6,30,11.2,10,10,6-9
CDMS0000136,127.9,160,3.74,5.5,87.61,100,33.58,40,88.97,100,25.86,30,12.31,10,7,6-9
CDMS0000137,168.99,160,3.7,5.5,96.56,100,27.01,40,72.82,100,22.96,30,6.66,10,9,6-9
CDMS0000138,112.73,160,5.2,5.5,61.59,100,40.98,40,105.08,100,28.72,30,12.31,10,9,6-9
CDMS0000139,106.9,160,4.22,5.5,106.39,100,42.29,40,98.34,100,31.58,30,6.37,10,9,6-9
CDMS0000140,135.66,160,5.55,5.5,72.08,100,38.45,40,83.85,100,27.24,30,8.18,10,9,6-9
CDMS0000141,131.93,160,5.02,5.5,78.07,100,45.01,40,91.95,100,23.94,30,10.87,10,9,6-9
CDMS0000142,123.99,160,3.74,5.5,107.56,100,43.35,40,60.74,100,30.79,30,9.7,10,8,6-9
CDMS0000143,138.2,160,4.31,5.5,72.02,100,43.01,40,105.41,100,25.09,30,6.07,10,8,6-9
CDMS0000144,160.13,160,3.85,5.5,70.56,100,35.25,40,76.2,100,20.63,30,7.18,10,8,6-9
CDMS0000145,100.77,160,5.16,5.5,101.12,100,31.34,40,71.21,100,30.4,30,8.59,10,9,6-9
CDMS0000146,128.54,160,5.99,5.5,99.95,100,36.11,40,97.98,100,22.16,30,12.2,10,6,6-9
CDMS0000147,159.51,160,4.55,5.5,70.37,100,36.05,40,64.28,100,28.49,30,8.51,10,7,6-9
CDMS0000148,121.52,160,5.12,5.5,79.17,100,39.95,40,107.69,100,26.87,30,10.91,10,8,6-9
CDMS0000149,161.05,160,4.7,5.5,101.54,100,44.03,40,62.48,100,21.12,30,8.9,10,6,6-9
CDMS0000150,122.79,160,3.84,5.5,76.12,100,42.81,40,89.46,100,31.47,30,6.42,10,6,6-9
CDMS0000151,139.99,160,5.79,5.5,97.02,100,37.13,40,95.35,100,35.89,30,11.75,10,8,6-9
CDMS0000152,133.07,160,4.15,5.5,71.38,100,37.67,40,63.05,100,35.24,30,9.63,10,10,6-9
CDMS0000153,103.93,160,5.53,5.5,67.57,100,26.28,40,101.09,100,23.02,30,8.65,10,8,6-9
CDMS0000154,119.22,160,5.89,5.5,60.92,100,33.29,40,99.14,100,19.38,30,7.73,10,8,6-9
CDMS0000155,106.75,160,3.91,5.5,87.52,100,32.93,40,62.3,100,30.46,30,12.78,10,8,6-9
CDMS0000156,138.07,160,5.02,5.5,75.97,100,26.76,40,93.84,100,31.28,30,8.9,10,8,6-9
CDMS0000157,161.66,160,5.05,5.5,62.87,100,42.05,40,81.11,100,27.26,30,10.03,10,8,6-9
CDMS0000158,148.45,160,3.53,5.5,72.06,100,42.39,40,95.13,100,29.23,30,12.86,10,7,6-9
CDMS0000159,118.71,160,3.1,5.5,83.51,100,26.8,40,108.42,100,35.06,30,7.93,10,9,6-9
CDMS0000160,111.35,160,3.66,5.5,60.87,100,33.3,40,107.09,100,32.4,30,7.3,10,10,6-9
CDMS0000161,160.74,160,3.93,5.5,83.49,100,28.24,40,66.96,100,29.78,30,9.49,10,9,6-9
CDMS0000162,112.78,160,5.01,5.5,73.62,100,35.24,40,106.76,100,19.87,30,12.07,10,10,6-9
CDMS0000163,161.08,160,4.83,5.5,95.09,100,38.93,40,67.12,100,23.09,30,10.84,10,10,6-9
CDMS0000164,149.18,160,3.52,5.5,72.93,100,33.07,40,87.16,100,20.58,30,9.64,10,9,6-9
CDMS0000165,121.8,160,4.62,5.5,107.33,100,34.25,40,65.16,100,20.35,30,7.94,10,8,6-9
CDMS0000166,111.96,160,3.33,5.5,79.1,100,27.85,40,80.03,100,35.68,30,12.38,10,10,6-9
CDMS0000167,145.77,160,4.64,5.5,61.49,100,29.25,40,104.67,100,21.91,30,6.13,10,8,6-9
CDMS0000168,157.51,160,5.49,5.5,93.69,100,35.71,40,108.96,100,19.42,30,9.77,10,8,6-9
CDMS0000169,102.53,160,4.73,5.5,66.22,100,26.77,40,82.76,100,34.53,30,10.13,10,8,6-9
CDMS0000170,167.47,160,4.91,5.5,99.21,100,31.1,40,86.9,100,26.63,30,9.79,10,7,6-9
CDMS0000171,152.23,160,5.16,5.5,82.91,100,27.47,40,81.94,100,24.84,30,7.3,10,6,6-9
CDMS0000172,140.4,160,3.85,5.5,93.32,100,32.71,40,60.8,100,24.76,30,8.38,10,6,6-9
CDMS0000173,128.22,160,4.56,5.5,72.68,100,33.99,40,83.11,100,26.94,30,6.57,10,10,6-9
CDMS0000174,117.89,160,3.85,5.5,93.9,100,32.98,40,99.01,100,31.82,30,8.79,10,10,6-9
CDMS0000175,156.84,160,5.7,5.5,75.66,100,39.41,40,69.68,100,23.37,30,8.11,10,10,6-9
CDMS0000176,114.91,160,3.59,5.5,100.84,100,41.39,40,69.66,100,35.02,30,8.54,10,7,6-9
CDMS0000177,155.1,160,4.17,5.5,66.38,100,32.4,40,90.92,100,25.37,30,8.02,10,8,6-9
CDMS0000178,143.71,160,4.1,5.5,73.83,100,30.35,40,83.46,100,31.1,30,6.27,10,7,6-9
CDMS0000179,145.63,160,4.55,5.5,95.88,100,41.03,40,100.29,100,23.26,30,7.37,10,9,6-9
CDMS0000180,120.21,160,3.16,5.5,88.47,100,30.25,40,85.6,100,32.3,30,11.95,10,9,6-9
CDMS0000181,139.7,160,4.04,5.5,74.44,100,28.17,40,106.45,100,26.68,30,10.45,10,7,6-9
CDMS0000182,155.8,160,5.77,5.5,103.72,100,31.44,40,64.83,100,21.79,30,7.22,10,7,6-9
CDMS0000183,157.07,160,5.67,5.5,107.28,100,35.37,40,100.7,100,19.83,30,12.44,10,6,6-9
CDMS0000184,116.34,160,4.26,5.5,72.31,100,26.46,40,101.95,100,27.28,30,10.7,10,10,6-9
CDMS0000185,119.04,160,5.98,5.5,66.68,100,29.84,40,67.98,100,20.69,30,12.91,10,7,6-9
CDMS0000186,134.97,160,3.12,5.5,90.26,100,38.87,40,79.18,100,30.33,30,6.05,10,9,6-9
CDMS0000187,157.96,160,4.23,5.5,70.77,100,33.12,40,99.48,100,22.17,30,10.26,10,6,6-9
CDMS0000188,166.62,160,3.31,5.5,73.74,100,39.17,40,85.71,100,35.39,30,8.11,10,10,6-9
CDMS0000189,166.16,160,3.47,5.5,79.36,100,28.16,40,64.69,100,25.59,30,9.39,10,7,6-9
CDMS0000190,110.16,160,5.59,5.5,62.38,100,32.1,40,107.89,100,35.03,30,8.77,10,8,6-9
CDMS0000191,125.09,160,5.56,5.5,103.59,100,28.59,40,87.37,100,24.2,30,12.7,10,6,6-9
CDMS0000192,131.56,160,4.52,5.5,87.09,100,44.73,40,98.89,100,22.61,30,7.53,10,10,6-9
CDMS0000193,144.83,160,3.89,5.5,92.95,100,43.69,40,78.48,100,20.63,30,12.63,10,6,6-9
CDMS0000194,134.2,160,4.5,5.5,85.27,100,27.65,40,109.19,100,35.3,30,7.1,10,8,6-9
CDMS0000195,134.26,160,4.14,5.5,91.67,100,32.52,40,63.24,100,25.38,30,10.26,10,8,6-9
CDMS0000196,124.78,160,4.95,5.5,69.43,100,40.52,40,69.82,100,23.93,30,12.14,10,10,6-9
CDMS0000197,133.14,160,4.76,5.5,104.81,100,40.26,40,91.92,100,33.25,30,11.26,10,8,6-9
CDMS0000198,117.64,160,3.82,5.5,69.86,100,37.48,40,89.09,100,21.66,30,7.8,10,8,6-9
CDMS0000199,116.38,160,4.28,5.5,70.91,100,36.7,40,64.46,100,30.03,30,11.64,10,9,6-9
CDMS0000200,145.17,160,5.09,5.5,72.28,100,44.51,40,100.9,100,35.2,30,8.2,10,6,6-9
CDMS0000201,164.34,160,4.31,5.5,99.58,100,26.49,40,99.46,100,34.02,30,6.85,10,10,6-9
CDMS0000202,129.22,160,4.17,5.5,102.82,100,37.7,40,109.76,100,29.49,30,9.86,10,9,6-9
CDMS0000203,168.12,160,3.83,5.5,84.21,100,35.19,40,108.16,100,29.61,30,11.36,10,7,6-9
CDMS0000204,152.19,160,3.14,5.5,64.22,100,40.66,40,67.67,100,35.71,30,7.08,10,10,6-9
CDMS0000205,131.05,160,3.93,5.5,83.85,100,37.91,40,91.18,100,21.7,30,11.33,10,6,6-9
CDMS0000206,169.81,160,3.46,5.5,69.98,100,29.19,40,101.27,100,28.04,30,9.71,10,8,6-9
CDMS0000207,115.3,160,3.62,5.5,105.68,100,43.45,40,88.67,100,28.84,30,9.63,10,8,6-9
CDMS0000208,153.93,160,3.79,5.5,87.1,100,31.35,40,64.5,100,31.65,30,7.96,10,9,6-9
CDMS0000209,169.83,160,5.11,5.5,90.87,100,28.44,40,76.19,100,25.4,30,7.67,10,7,6-9
CDMS0000210,144.13,160,3.18,5.5,79.62,100,38.64,40,82.66,100,19.55,30,9.5,10,9,6-9
CDMS0000211,124.6,160,4.5,5.5,79.04,100,30.32,40,103.46,100,19.52,30,10.58,10,9,6-9
CDMS0000212,143.23,160,5.29,5.5,105.7,100,43.75,40,94.77,100,24.92,30,6.62,10,7,6-9
CDMS0000213,150.24,160,5.5,5.5,85.97,100,37.96,40,72.94,100,27.01,30,10.78,10,8,6-9
CDMS0000214,165.71,160,3.77,5.5,72.92,100,41.34,40,105.51,100,21.62,30,9.38,10,10,6-9
CDMS0000215,122.35,160,4.08,5.5,67.43,100,44.77,40,105.14,100,21.14,30,10.71,10,9,6-9
CDMS0000216,132.04,160,5.15,5.5,61.59,100,42.44,40,92.85,100,21.88,30,10.91,10,6,6-9
CDMS0000217,129.41,160,4.95,5.5,82.87,100,27.86,40,76.79,100,31.7,30,11.36,10,8,6-9
CDMS0000218,104.48,160,3.09,5.5,96.64,100,39.8,40,92.78,100,27.01,30,10.3,10,6,6-9
CDMS0000219,157.59,160,5.8,5.5,80.99,100,29.14,40,75.92,100,26.6,30,6.34,10,8,6-9
CDMS0000220,144.24,160,4.52,5.5,80.84,100,29.13,40,72.52,100,31.11,30,12.69,10,6,6-9
CDMS0000221,124.87,160,4.91,5.5,80.68,100,39.59,40,81.79,100,26.8,30,7.14,10,10,6-9
CDMS0000222,141.94,160,4.71,5.5,106.52,100,32.12,40,73.3,100,24.28,30,11.76,10,7,6-9
CDMS0000223,105.68,160,5.27,5.5,99.44,100,37.72,40,108.47,100,21.25,30,10.18,10,10,6-9
CDMS0000224,127.41,160,3.84,5.5,81.4,100,41.54,40,87.07,100,29.29,30,7.61,10,10,6-9
CDMS0000225,136.53,160,5.45,5.5,72.85,100,38.89,40,104.34,100,19.41,30,6.01,10,7,6-9
CDMS0000226,133.09,160,3.96,5.5,79.24,100,33.47,40,88.16,100,35.09,30,7.45,10,6,6-9
CDMS0000227,161.69,160,4.11,5.5,107.11,100,44.98,40,74.74,100,20.72,30,11.81,10,8,6-9
CDMS0000228,103.94,160,5.13,5.5,92.02,100,32.05,40,108.37,100,34.93,30,8.02,10,8,6-9
CDMS0000229,100.95,160,3.46,5.5,92.58,100,35.05,40,89.43,100,20.35,30,11.41,10,6,6-9
CDMS0000230,134.17,160,4.3,5.5,109.01,100,34.42,40,93.45,100,28.53,30,9.25,10,9,6-9
CDMS0000231,123.35,160,3.11,5.5,79.95,100,29.98,40,104.94,100,31.96,30,10.12,10,9,6-9
CDMS0000232,113.71,160,5.88,5.5,102.4,100,29.12,40,107.95,100,24.87,30,8.39,10,9,6-9
CDMS0000233,128.85,160,5.69,5.5,76.34,100,39.42,40,63.61,100,21.68,30,9.1,10,9,6-9
CDMS0000234,105.24,160,3.4,5.5,79.04,100,37.67,40,98.2,100,21.27,30,7.87,10,8,6-9
CDMS0000235,103.38,160,5.83,5.5,77.36,100,34.51,40,81.3,100,30.66,30,12.71,10,8,6-9
CDMS0000236,136.94,160,4.09,5.5,75.25,100,42.71,40,70.79,100,31.71,30,9.02,10,7,6-9
CDMS0000237,159.35,160,3.1,5.5,72.14,100,38.01,40,87.88,100,31.59,30,6.42,10,9,6-9
CDMS0000238,149.92,160,4.84,5.5,72.97,100,39.13,40,60.38,100,21.53,30,6.44,10,9,6-9
CDMS0000239,150.52,160,5.53,5.5,107.33,100,27.97,40,88.35,100,26.58,30,9.61,10,8,6-9
CDMS0000240,104.96,160,5.16,5.5,101.58,100,34.37,40,86.39,100,28.83,30,10.12,10,7,6-9
CDMS0000241,124.54,160,4.92,5.5,110.82,100,35.05,40,100.86,100,32.36,30,12.45,10,8,6-9
CDMS0000242,126.5,160,5.92,5.5,68.36,100,28.59,40,61.56,100,27.74,30,7.75,10,8,6-9
CDMS0000243,110.85,160,4.58,5.5,97.94,100,30.25,40,80.63,100,24.21,30,11.28,10,7,6-9
CDMS0000244,124.1,160,4.65,5.5,69.06,100,32.94,40,91.58,100,21.77,30,9.48,10,10,6-9
CDMS0000245,165.35,160,4.11,5.5,107.81,100,37.11,40,96.18,100,28.37,30,9.47,10,7,6-9
CDMS0000246,105.34,160,3.64,5.5,64.78,100,29.99,40,91.74,100,28.56,30,7.33,10,8,6-9
CDMS0000247,170.25,160,4.81,5.5,107.42,100,40.56,40,94.23,100,35.72,30,7.11,10,8,6-9
CDMS0000248,165.59,160,5.8,5.5,88.83,100,41.86,40,65.85,100,25.63,30,8.08,10,9,6-9
CDMS0000249,141.77,160,5.45,5.5,103.29,100,43.14,40,104.84,100,35.33,30,12.29,10,8,6-9
CDMS0000250,152.65,160,4.12,5.5,97.26,100,27.75,40,89.69,100,31.45,30,11.15,10,9,6-9
CDMS0000251,130.67,160,3.76,5.5,109.35,100,39.07,40,105.34,100,27.91,30,8.35,10,7,6-9
CDMS0000252,155.57,160,3.75,5.5,100.61,100,44.56,40,72.36,100,30.62,30,9.45,10,9,6-9
CDMS0000253,106.76,160,3.26,5.5,70.46,100,34.84,40,87.1,100,32.65,30,12.35,10,7,6-9
CDMS0000254,150.36,160,5.51,5.5,100.34,100,35.1,40,104.24,100,28.43,30,12.32,10,8,6-9
CDMS0000255,101.93,160,4.14,5.5,104.73,100,36.22,40,60.97,100,21.57,30,10.31,10,10,6-9
CDMS0000256,128.94,160,5.92,5.5,71.63,100,43.39,40,82.16,100,28.49,30,6.28,10,6,6-9
CDMS0000257,118.56,160,5.78,5.5,75.55,100,27.34,40,69.77,100,23.17,30,8.64,10,9,6-9
CDMS0000258,168.13,160,3.78,5.5,98.98,100,32.51,40,81.08,100,32.72,30,12.28,10,8,6-9
CDMS0000259,102.89,160,4.48,5.5,73.15,100,26.86,40,91.55,100,35.72,30,9.6,10,6,6-9
CDMS0000260,131.67,160,3.41,5.5,103.88,100,36.6,40,91.13,100,30.9,30,9.53,10,7,6-9
CDMS0000261,170.66,160,5.53,5.5,96.9,100,41.29,40,67.5,100,25.51,30,8.34,10,6,6-9
CDMS0000262,134.19,160,5.11,5.5,77.43,100,34.2,40,76.11,100,20.89,30,6.5,10,8,6-9
CDMS0000263,150.49,160,3.26,5.5,107.13,100,29.63,40,99.79,100,25.3,30,6.82,10,6,6-9
CDMS0000264,100.87,160,4.73,5.5,97.95,100,39.61,40,64.17,100,32.58,30,10.62,10,7,6-9
CDMS0000265,106.82,160,5.45,5.5,98.53,100,28.62,40,62.94,100,21.57,30,7.28,10,10,6-9
CDMS0000266,127.64,160,5.22,5.5,65.64,100,27.21,40,104.56,100,24.57,30,8.96,10,10,6-9
CDMS0000267,126.67,160,5.96,5.5,71.3,100,45.74,40,107.24,100,30.86,30,10.64,10,9,6-9
CDMS0000268,108.98,160,4.71,5.5,91.37,100,39.8,40,101.96,100,20.6,30,10.23,10,9,6-9
CDMS0000269,128.55,160,3.41,5.5,80.25,100,37.43,40,94.57,100,25.06,30,11.61,10,9,6-9
CDMS0000270,110.27,160,4.8,5.5,85.8,100,40.83,40,82.7,100,20.04,30,8.16,10,7,6-9
CDMS0000271,144.62,160,4.97,5.5,89.8,100,33.91,40,107.82,100,30.83,30,7.87,10,10,6-9
CDMS0000272,167.09,160,4.74,5.5,73.55,100,40.88,40,105.7,100,29.94,30,10.84,10,10,6-9
CDMS0000273,118.25,160,4.33,5.5,90.62,100,26.69,40,88.67,100,29.2,30,11.84,10,10,6-9
CDMS0000274,147.98,160,4.68,5.5,97.62,100,41.99,40,86.31,100,34.29,30,10.76,10,9,6-9
CDMS0000275,158.12,160,4.74,5.5,99.37,100,40.75,40,102.42,100,22.4,30,12.49,10,7,6-9
CDMS0000276,142.63,160,4.69,5.5,110.43,100,41.78,40,85.98,100,26.28,30,10.71,10,8,6-9
CDMS0000277,159.9,160,3.96,5.5,91.2,100,36.53,40,99.59,100,30.69,30,7.6,10,10,6-9
CDMS0000278,117.93,160,4.43,5.5,102.56,100,39.43,40,62.23,100,26.75,30,10.74,10,9,6-9
CDMS0000279,144.31,160,5.25,5.5,90.95,100,43.82,40,63.73,100,31.96,30,9.78,10,8,6-9
CDMS0000280,160.03,160,5.09,5.5,97.74,100,37.39,40,69.95,100,27.01,30,9.99,10,7,6-9
CDMS0000281,157.35,160,4.94,5.5,84.89,100,40.19,40,82.5,100,24.23,30,11.75,10,9,6-9
CDMS0000282,144.22,160,3.55,5.5,67.36,100,40.74,40,69.34,100,32.29,30,7.98,10,6,6-9
CDMS0000283,129.09,160,4.2,5.5,100.86,100,29.28,40,102.13,100,23.52,30,11.64,10,6,6-9
CDMS0000284,133.47,160,3.7,5.5,95.71,100,42.17,40,75.08,100,20.66,30,6.9,10,7,6-9
CDMS0000285,125.06,160,5.56,5.5,75.34,100,32.57,40,82.2,100,19.84,30,12.5,10,6,6-9
CDMS0000286,105.17,160,5.36,5.5,93.19,100,33.19,40,94.08,100,30.57,30,9.4,10,10,6-9
CDMS0000287,155.5,160,5.18,5.5,100.88,100,41.12,40,100.32,100,34.21,30,9.72,10,8,6-9
CDMS0000288,164.84,160,5.24,5.5,107.29,100,37.64,40,96.7,100,19.02,30,10.08,10,8,6-9
CDMS0000289,124.63,160,3.38,5.5,91.65,100,45.65,40,62.82,100,33.64,30,12.37,10,10,6-9
CDMS0000290,152.8,160,3.8,5.5,97.4,100,45.35,40,92.01,100,19.92,30,10.66,10,9,6-9
CDMS0000291,112.71,160,3.47,5.5,102.4,100,33.1,40,64.55,100,25.36,30,11.44,10,7,6-9
CDMS0000292,156.63,160,3.83,5.5,67.68,100,28.44,40,96.89,100,31.8,30,9.82,10,8,6-9
CDMS0000293,131.66,160,3.78,5.5,64.3,100,42.8,40,78.32,100,34.17,30,9.39,10,7,6-9
CDMS0000294,156.25,160,3.89,5.5,93.48,100,45.55,40,65.42,100,21.89,30,12.72,10,9,6-9
CDMS0000295,101.43,160,5.1,5.5,77.54,100,41.47,40,84.33,100,26.5,30,7.76,10,9,6-9
CDMS0000296,119.68,160,4.77,5.5,103.51,100,41.96,40,92.55,100,22.31,30,9.16,10,10,6-9
CDMS0000297,107.73,160,3.56,5.5,83.99,100,32.21,40,105.58,100,33.08,30,7.46,10,6,6-9
CDMS0000298,113.65,160,3.51,5.5,63.34,100,44.5,40,93.68,100,34.09,30,6.04,10,7,6-9
CDMS0000299,142.25,160,5.35,5.5,71.84,100,34.88,40,78.67,100,26.92,30,11.77,10,10,6-9
CDMS0000300,161.42,160,4.85,5.5,60.41,100,27.98,40,75.33,100,28.15,30,9.11,10,10,6-9
CDMS0000301,168.09,160,4.04,5.5,90.14,100,39.72,40,69.5,100,22.1,30,10.2,10,10,6-9
CDMS0000302,109.42,160,3.53,5.5,84.89,100,32.12,40,93.42,100,22.75,30,6.59,10,6,6-9
CDMS0000303,103.02,160,3.5,5.5,76.03,100,34.49,40,79.95,100,27.16,30,9.37,10,6,6-9
CDMS0000304,133.24,160,3.42,5.5,110.17,100,41.36,40,95.08,100,28.18,30,12.3,10,7,6-9
CDMS0000305,106.5,160,3.35,5.5,68.25,100,43.39,40,70.95,100,30.8,30,9.44,10,10,6-9
CDMS0000306,150.97,160,3.9,5.5,75.79,100,31.8,40,110.33,100,26.98,30,8.35,10,9,6-9
CDMS0000307,100.34,160,4.48,5.5,78.08,100,30.19,40,80.9,100,30.13,30,6.95,10,9,6-9
CDMS0000308,116.77,160,4.68,5.5,89.21,100,28.47,40,60.4,100,32.11,30,8.19,10,8,6-9
CDMS0000309,114.66,160,5.99,5.5,88.89,100,43.77,40,84.2,100,25.11,30,9.08,10,6,6-9
CDMS0000310,128.31,160,4.43,5.5,86.96,100,42.63,40,94.43,100,24.71,30,8.4,10,10,6-9
CDMS0000311,117.83,160,3.95,5.5,66.99,100,39.14,40,83.23,100,22.43,30,12.76,10,10,6-9
CDMS0000312,120.47,160,5.18,5.5,74.34,100,32.89,40,102.19,100,28.93,30,8.78,10,8,6-9
CDMS0000313,123.3,160,3.24,5.5,72.09,100,37.56,40,99.84,100,22.67,30,9.07,10,6,6-9
CDMS0000314,139.27,160,3.05,5.5,72.12,100,35.15,40,79.74,100,32.95,30,11.21,10,6,6-9
CDMS0000315,148.93,160,3.29,5.5,104.71,100,43.49,40,106.09,100,22.82,30,12.77,10,7,6-9
CDMS0000316,102.07,160,4.17,5.5,105.34,100,43.24,40,61.88,100,24.24,30,8.72,10,7,6-9
CDMS0000317,148.61,160,3.65,5.5,87.38,100,27.22,40,91.65,100,28.61,30,9.03,10,10,6-9
CDMS0000318,143.32,160,3.6,5.5,90.59,100,31.99,40,69.39,100,22.39,30,11.46,10,7,6-9
CDMS0000319,114.89,160,4.36,5.5,89.78,100,38.95,40,73.64,100,32.13,30,6.3,10,10,6-9
CDMS0000320,136.44,160,5.28,5.5,75.52,100,44.02,40,94.91,100,25.88,30,10.84,10,8,6-9
CDMS0000321,138.75,160,3.33,5.5,108.96,100,30.77,40,90.58,100,19.56,30,7.17,10,7,6-9
CDMS0000322,133.93,160,3.51,5.5,107.82,100,26.91,40,61.96,100,25.96,30,11.31,10,6,6-9
CDMS0000323,118.42,160,4.5,5.5,90.09,100,28.12,40,71.17,100,29.49,30,9.15,10,10,6-9
CDMS0000324,102.67,160,3.91,5.5,94.41,100,39.84,40,64.13,100,30.17,30,12.29,10,9,6-9
CDMS0000325,101.53,160,4.31,5.5,110.74,100,44.27,40,65.09,100,32.49,30,11.46,10,6,6-9
CDMS0000326,109.51,160,3.22,5.5,85.02,100,44.71,40,87.07,100,34.39,30,7.91,10,8,6-9
CDMS0000327,107.28,160,3.45,5.5,105.72,100,35.33,40,72.03,100,24.62,30,10.12,10,10,6-9
CDMS0000328,118.33,160,5.99,5.5,79.47,100,45.79,40,97.23,100,28.98,30,10.65,10,6,6-9
CDMS0000329,114.78,160,4.29,5.5,110.62,100,28.02,40,78.65,100,29.64,30,10.59,10,10,6-9
CDMS0000330,144.17,160,3.51,5.5,104.32,100,42.63,40,99.81,100,19.62,30,10.16,10,6,6-9
CDMS0000331,124.37,160,3.4,5.5,80.24,100,41.31,40,110.62,100,34.02,30,6.15,10,10,6-9
CDMS0000332,110.67,160,3.51,5.5,78.69,100,44.51,40,103.92,100,25.02,30,10.21,10,8,6-9
CDMS0000333,123.93,160,3.17,5.5,100.53,100,41.08,40,81.79,100,29.5,30,9.08,10,6,6-9
CDMS0000334,111.89,160,3.63,5.5,89.56,100,45.39,40,101.74,100,35.08,30,11.38,10,10,6-9
CDMS0000335,151.66,160,4.57,5.5,104.29,100,39.89,40,110.79,100,22.18,30,12.34,10,8,6-9
CDMS0000336,136.14,160,3.47,5.5,72.63,100,42.97,40,72.4,100,19.83,30,7.56,10,8,6-9
CDMS0000337,147.85,160,3.54,5.5,82.66,100,32.88,40,78.36,100,19.55,30,8.32,10,7,6-9
CDMS0000338,115.01,160,3.37,5.5,84.87,100,38.85,40,84.75,100,29.99,30,11.89,10,10,6-9
CDMS0000339,170.84,160,4.77,5.5,66.69,100,38.06,40,107.8,100,31.35,30,11.78,10,10,6-9
CDMS0000340,162.59,160,4.04,5.5,75.22,100,36.58,40,62.14,100,20.75,30,6.48,10,10,6-9
CDMS0000341,135.8,160,5.92,5.5,66.42,100,34.74,40,82.08,100,26.14,30,12.77,10,10,6-9
CDMS0000342,119.24,160,5.3,5.5,88.64,100,32.81,40,64.4,100,27.6,30,10.79,10,7,6-9
CDMS0000343,144.93,160,4.99,5.5,104.41,100,40.22,40,82.95,100,27.72,30,9.85,10,9,6-9
CDMS0000344,164.22,160,3.49,5.5,91.31,100,39.63,40,65.17,100,21.95,30,8.25,10,6,6-9
CDMS0000345,123.54,160,5.89,5.5,72.3,100,33.11,40,78.35,100,27.7,30,12.35,10,7,6-9
CDMS0000346,132.09,160,3.91,5.5,63.55,100,43.14,40,73.05,100,35.92,30,10.71,10,8,6-9
CDMS0000347,159.59,160,4.73,5.5,87.29,100,45.78,40,62.91,100,33.95,30,7.36,10,8,6-9
CDMS0000348,120.71,160,5.06,5.5,74.41,100,43.94,40,96.01,100,31.69,30,12.99,10,7,6-9
CDMS0000349,136.72,160,5.16,5.5,82.9,100,36.85,40,75.02,100,29.46,30,6.59,10,6,6-9
CDMS0000350,124.56,160,3.08,5.5,64.38,100,38.73,40,109.14,100,22.35,30,12.71,10,10,6-9
CDMS0000351,164.67,160,4.79,5.5,69.52,100,37.16,40,72.43,100,24.16,30,7.36,10,8,6-9
CDMS0000352,158.02,160,4.19,5.5,83.85,100,41.53,40,63.21,100,34.3,30,8.88,10,10,6-9
CDMS0000353,133.59,160,3.45,5.5,77.07,100,43.38,40,89.56,100,32.14,30,12.27,10,8,6-9
CDMS0000354,101.16,160,3.61,5.5,84.96,100,41.1,40,110.7,100,35.4,30,8.35,10,7,6-9
CDMS0000355,109.2,160,5.05,5.5,65.7,100,32.19,40,85.37,100,21.31,30,7.03,10,8,6-9
CDMS0000356,168.24,160,4.13,5.5,96.07,100,26.13,40,68.07,100,29.42,30,8.39,10,6,6-9
CDMS0000357,103.51,160,3.04,5.5,74.66,100,41.91,40,80.33,100,30.86,30,12.24,10,6,6-9
CDMS0000358,122.66,160,4.17,5.5,109.76,100,34.24,40,110.83,100,28.97,30,10.15,10,9,6-9
CDMS0000359,129.49,160,3.55,5.5,85.44,100,35.51,40,65.6,100,20.57,30,12.81,10,9,6-9
CDMS0000360,148.59,160,3.61,5.5,86.11,100,35.55,40,72.56,100,30.91,30,11.08,10,8,6-9
CDMS0000361,129.45,160,4.33,5.5,82.99,100,36.76,40,96.07,100,26.08,30,11.41,10,9,6-9
CDMS0000362,124.71,160,4.75,5.5,77.23,100,37.09,40,81.32,100,23.47,30,10.62,10,7,6-9
CDMS0000363,122.08,160,5.25,5.5,73.65,100,27.21,40,80.06,100,24.37,30,8.31,10,9,6-9
CDMS0000364,120.01,160,3.61,5.5,101.29,100,26.43,40,100.33,100,22.14,30,8.03,10,8,6-9
CDMS0000365,105.76,160,5.9,5.5,82.03,100,34.99,40,85.47,100,19.4,30,9.73,10,8,6-9
CDMS0000366,105.62,160,3.86,5.5,68.92,100,44.81,40,105.05,100,25.46,30,12.76,10,8,6-9
CDMS0000367,120.86,160,4.02,5.5,74.18,100,26.03,40,60.51,100,29.97,30,7.3,10,7,6-9
CDMS0000368,153.82,160,5.42,5.5,99.86,100,27.75,40,92.03,100,25.26,30,11.27,10,7,6-9
CDMS0000369,152.33,160,3.52,5.5,79.38,100,38.21,40,105.65,100,26.15,30,9.69,10,8,6-9
CDMS0000370,143.79,160,5.33,5.5,66.44,100,37.06,40,78.84,100,21.56,30,8.9,10,8,6-9
CDMS0000371,104.38,160,5.02,5.5,84.61,100,30.32,40,106.87,100,19.98,30,7.78,10,8,6-9
CDMS0000372,153.92,160,5.88,5.5,100.26,100,31.05,40,82.22,100,33.17,30,11.36,10,10,6-9
CDMS0000373,100.11,160,4.56,5.5,63.3,100,37.68,40,63.82,100,25.82,30,7.81,10,10,6-9
CDMS0000374,146.38,160,3.5,5.5,63.85,100,45.32,40,99.49,100,26.54,30,12.53,10,6,6-9
CDMS0000375,128.75,160,5.66,5.5,90.58,100,27.03,40,69.96,100,25.24,30,11.22,10,10,6-9
CDMS0000376,121.98,160,3.14,5.5,70.48,100,33.23,40,72.06,100,35.31,30,7.46,10,6,6-9
CDMS0000377,116.95,160,5.45,5.5,110.22,100,34.36,40,96.22,100,30.12,30,11.28,10,6,6-9
CDMS0000378,110.64,160,4.76,5.5,82.33,100,40.56,40,72.56,100,28.89,30,8.28,10,7,6-9
CDMS0000379,121.91,160,5.02,5.5,103.39,100,30.62,40,93.27,100,24.13,30,6.53,10,8,6-9
CDMS0000380,134.79,160,5.56,5.5,77.08,100,31.98,40,82.82,100,27.28,30,6.5,10,7,6-9
CDMS0000381,132.52,160,3.23,5.5,89.03,100,40.1,40,85.31,100,24.03,30,12.28,10,9,6-9
CDMS0000382,141.86,160,4.51,5.5,108.48,100,28.78,40,72.45,100,26.62,30,11.31,10,10,6-9
CDMS0000383,114.96,160,5.24,5.5,62.14,100,41.46,40,96.51,100,33.2,30,10.88,10,6,6-9
CDMS0000384,163.18,160,3.05,5.5,73.51,100,41.7,40,67.4,100,32.02,30,11.9,10,6,6-9
CDMS0000385,144.33,160,4.74,5.5,98.27,100,45.33,40,106.77,100,23.69,30,9.42,10,10,6-9
CDMS0000386,144.01,160,5.34,5.5,108.45,100,41.44,40,108.07,100,23.67,30,7.83,10,6,6-9
CDMS0000387,123.76,160,4.35,5.5,107.88,100,39.85,40,96.04,100,27.04,30,7.37,10,9,6-9
CDMS0000388,137.52,160,3.6,5.5,83.31,100,40.53,40,98.81,100,27.36,30,10.1,10,9,6-9
CDMS0000389,157.73,160,5.07,5.5,70.18,100,41.09,40,62.36,100,19.23,30,10.76,10,8,6-9
CDMS0000390,129.16,160,4.83,5.5,72.42,100,29.09,40,102.31,100,27.66,30,9.82,10,6,6-9
CDMS0000391,121.27,160,3.41,5.5,90.62,100,37.2,40,63.25,100,26.37,30,11.37,10,6,6-9
CDMS0000392,100.93,160,4.08,5.5,110.04,100,27.79,40,93.21,100,21.62,30,11.91,10,8,6-9
CDMS0000393,153.45,160,4.25,5.5,77.26,100,29.52,40,63.15,100,20.1,30,6.46,10,8,6-9
CDMS0000394,106.45,160,3.43,5.5,78.7,100,35.75,40,64.76,100,28.16,30,7.84,10,10,6-9
CDMS0000395,159.3,160,5.69,5.5,65.47,100,26.02,40,73.88,100,21.73,30,11.27,10,9,6-9
CDMS0000396,167.57,160,5.72,5.5,105.64,100,45.02,40,94.81,100,23.64,30,12.29,10,9,6-9
CDMS0000397,112.64,160,5.49,5.5,68.02,100,31.37,40,110.93,100,35.82,30,10.42,10,9,6-9
CDMS0000398,128.98,160,3.37,5.5,63.01,100,26.7,40,71.45,100,31.63,30,7.01,10,9,6-9
CDMS0000399,170.74,160,4.49,5.5,109.72,100,29.59,40,70.21,100,24.41,30,10.94,10,10,6-9
CDMS0000400,104.49,160,5.47,5.5,68.61,100,32.02,40,87.4,100,34.67,30,10.27,10,7,6-9
CDMS0000401,101.68,160,3.17,5.5,107.72,100,37.63,40,88.06,100,31.94,30,9.01,10,6,6-9
CDMS0000402,107.68,160,4.82,5.5,72.16,100,34.11,40,101.67,100,23.74,30,12.94,10,6,6-9
CDMS0000403,121.89,160,4.62,5.5,79.19,100,39.83,40,107.5,100,29.48,30,9.3,10,9,6-9
CDMS0000404,134.13,160,4.05,5.5,105.01,100,30.33,40,100.99,100,20.77,30,9.56,10,7,6-9
CDMS0000405,103.33,160,3.29,5.5,88.48,100,30.14,40,64.51,100,31.24,30,8.29,10,7,6-9
CDMS0000406,164.94,160,4.62,5.5,71.35,100,34.3,40,104.35,100,25.12,30,7.43,10,7,6-9
CDMS0000407,124.78,160,4.96,5.5,70.8,100,26.55,40,110.61,100,32.62,30,11.73,10,10,6-9
CDMS0000408,134.97,160,3.85,5.5,93.76,100,39.69,40,92.83,100,31.53,30,7.77,10,8,6-9
CDMS0000409,105.58,160,4.39,5.5,75.73,100,35.89,40,81.61,100,29.23,30,9.61,10,10,6-9
CDMS0000410,145.27,160,5.73,5.5,77.1,100,42.39,40,92.17,100,33.57,30,6.02,10,10,6-9
CDMS0000411,126.91,160,3.14,5.5,64.59,100,33.64,40,83.9,100,33.95,30,9.54,10,7,6-9
CDMS0000412,123.34,160,4.93,5.5,61.97,100,30.14,40,99.99,100,20.39,30,8.68,10,6,6-9
CDMS0000413,169.61,160,4.09,5.5,68.47,100,28.04,40,77.75,100,28.4,30,10.55,10,6,6-9
CDMS0000414,143.39,160,4.98,5.5,90.3,100,44.35,40,110.83,100,32.96,30,12.22,10,7,6-9
CDMS0000415,108.98,160,3.27,5.5,78.49,100,39.54,40,63.45,100,34.86,30,8.9,10,6,6-9
CDMS0000416,158.35,160,5.41,5.5,90.42,100,42.64,40,89.29,100,25.57,30,12.5,10,9,6-9
CDMS0000417,129.06,160,5.96,5.5,102.26,100,42.72,40,65.78,100,25.9,30,11.21,10,7,6-9
CDMS0000418,109.48,160,5.34,5.5,62.17,100,26.86,40,100.19,100,34.79,30,11.8,10,7,6-9
CDMS0000419,112.28,160,4.34,5.5,91.54,100,34.09,40,70.74,100,27.94,30,7.07,10,6,6-9
CDMS0000420,148.97,160,3.51,5.5,105.58,100,27.35,40,87.89,100,30.56,30,8.12,10,7,6-9
CDMS0000421,170.48,160,5.96,5.5,84.77,100,31.5,40,61.47,100,26.02,30,7.72,10,9,6-9
CDMS0000422,133.58,160,3.63,5.5,104.51,100,40.83,40,103.16,100,30.9,30,7.37,10,6,6-9
CDMS0000423,124.36,160,4.51,5.5,94.42,100,40.41,40,78.43,100,28.69,30,9.37,10,6,6-9
CDMS0000424,155.38,160,5.43,5.5,88.29,100,27.72,40,73.22,100,29.6,30,6.69,10,10,6-9
CDMS0000425,139.39,160,5.07,5.5,96.74,100,32.83,40,63.78,100,20.76,30,10.56,10,6,6-9
CDMS0000426,150.51,160,3.14,5.5,72.09,100,32.95,40,74.65,100,20.28,30,12.56,10,7,6-9
CDMS0000427,101.58,160,3.74,5.5,60.38,100,39.01,40,102.84,100,34.62,30,9.44,10,9,6-9
CDMS0000428,108.82,160,5.94,5.5,106.47,100,30.87,40,73.41,100,21.38,30,12.01,10,10,6-9
CDMS0000429,153.3,160,5.2,5.5,109.75,100,36.71,40,75.84,100,32.01,30,7.14,10,7,6-9
CDMS0000430,104.05,160,3.64,5.5,91.38,100,38.41,40,66.96,100,19.15,30,6.29,10,6,6-9
CDMS0000431,159.19,160,3.62,5.5,101.66,100,32.34,40,96.19,100,19.33,30,10.94,10,8,6-9
CDMS0000432,116.66,160,3.08,5.5,67.5,100,35.09,40,65.95,100,26.03,30,7.01,10,8,6-9
CDMS0000433,134.31,160,3.7,5.5,60.65,100,35.82,40,93.16,100,34.25,30,8.93,10,8,6-9
CDMS0000434,118.24,160,3.54,5.5,104.46,100,27.86,40,75.55,100,34.57,30,9.11,10,9,6-9
CDMS0000435,120.05,160,3.32,5.5,103.05,100,40.38,40,104.38,100,23.33,30,8.9,10,7,6-9
CDMS0000436,133.39,160,4.6,5.5,107.24,100,33.59,40,108.3,100,32.72,30,10.31,10,7,6-9
CDMS0000437,113.96,160,4.87,5.5,73.03,100,27.86,40,68.64,100,25.84,30,7.49,10,7,6-9
CDMS0000438,154.25,160,5.87,5.5,109.04,100,31.95,40,64.19,100,29.77,30,11.05,10,8,6-9
CDMS0000439,124.16,160,4.82,5.5,98.42,100,39.47,40,89.35,100,33.23,30,8.21,10,10,6-9
CDMS0000440,144.85,160,4.46,5.5,82.03,100,33.01,40,98.61,100,21.37,30,8.51,10,8,6-9
CDMS0000441,146.86,160,5.73,5.5,79.59,100,39.01,40,62.91,100,35.3,30,7.73,10,6,6-9
CDMS0000442,123.24,160,4.4,5.5,97.04,100,29.46,40,80.89,100,19.37,30,10.88,10,7,6-9
CDMS0000443,162.13,160,4.39,5.5,77.72,100,34.85,40,103.02,100,27.55,30,9.44,10,6,6-9
CDMS0000444,158.28,160,5.25,5.5,62.45,100,37.84,40,101.79,100,26.82,30,10.29,10,10,6-9
CDMS0000445,140.79,160,5.84,5.5,67.17,100,42.27,40,89.52,100,30.71,30,8.57,10,6,6-9
CDMS0000446,128.94,160,3.77,5.5,92.77,100,41.89,40,77.49,100,20.39,30,7.52,10,8,6-9
CDMS0000447,163.79,160,4.79,5.5,77.74,100,33.77,40,80.26,100,30.51,30,7.24,10,9,6-9
CDMS0000448,112.32,160,3.32,5.5,95.86,100,35.49,40,68.82,100,23.54,30,8.44,10,9,6-9
CDMS0000449,121.2,160,4.01,5.5,97.69,100,32.09,40,87.67,100,28.99,30,9.48,10,8,6-9
CDMS0000450,135.89,160,5.52,5.5,75.85,100,39.46,40,63.23,100,29.54,30,11.62,10,10,6-9
CDMS0000451,149.96,160,5.5,5.5,85.69,100,41.32,40,63.63,100,34.55,30,9.26,10,8,6-9
CDMS0000452,115.52,160,5.13,5.5,71.68,100,28.58,40,90.55,100,27.86,30,12.61,10,6,6-9
CDMS0000453,112.62,160,3.33,5.5,62.85,100,43.54,40,76.45,100,26.07,30,6.26,10,6,6-9
CDMS0000454,161.04,160,4.3,5.5,87.02,100,41.94,40,98.42,100,21.37,30,9.24,10,8,6-9
CDMS0000455,148.11,160,5.15,5.5,79.27,100,43.9,40,93.62,100,21.92,30,9.21,10,7,6-9
CDMS0000456,156.8,160,5.78,5.5,89.34,100,35.13,40,88.13,100,31.71,30,10.84,10,8,6-9
CDMS0000457,146.5,160,3.46,5.5,71.6,100,33.65,40,78.65,100,29.95,30,6.78,10,10,6-9
CDMS0000458,105.43,160,4.05,5.5,99.61,100,36.23,40,69.75,100,29.67,30,7.33,10,8,6-9
CDMS0000459,136.32,160,4.57,5.5,69.53,100,28.38,40,80.67,100,25.84,30,6.74,10,10,6-9
CDMS0000460,164.07,160,4.53,5.5,96.5,100,42.36,40,77.06,100,29.95,30,9.96,10,7,6-9
CDMS0000461,127.36,160,3.49,5.5,77.83,100,35.62,40,72.73,100,28.37,30,11.67,10,9,6-9
CDMS0000462,166.7,160,5.31,5.5,70.32,100,38.22,40,106.86,100,19.28,30,9.2,10,10,6-9
CDMS0000463,125.37,160,4.53,5.5,102.76,100,44.13,40,102.93,100,22.35,30,10.53,10,7,6-9
CDMS0000464,169.03,160,4.68,5.5,108.66,100,43.93,40,78.09,100,30.08,30,11.58,10,10,6-9
CDMS0000465,100.06,160,4.9,5.5,64.64,100,39.31,40,108.32,100,35.77,30,10.81,10,9,6-9
CDMS0000466,166.04,160,4.86,5.5,103.38,100,44.7,40,96.96,100,22.28,30,8.84,10,8,6-9
CDMS0000467,151.27,160,4.38,5.5,108.05,100,28.23,40,78.74,100,23.89,30,9.08,10,9,6-9
CDMS0000468,152.91,160,5.35,5.5,77.67,100,35.88,40,101.95,100,33.98,30,6.54,10,7,6-9
CDMS0000469,153.67,160,4.76,5.5,109.43,100,27.59,40,85.29,100,22.84,30,7.21,10,6,6-9
CDMS0000470,133.63,160,5.83,5.5,73.15,100,45.84,40,61.84,100,28.97,30,12.97,10,9,6-9
CDMS0000471,110.74,160,3.58,5.5,94.4,100,45.68,40,65.08,100,24.28,30,8.63,10,7,6-9
CDMS0000472,136.82,160,4.9,5.5,94.72,100,36.91,40,64.67,100,35.62,30,10.97,10,9,6-9
CDMS0000473,114.2,160,5.2,5.5,81.85,100,30.33,40,107.93,100,22.35,30,12.48,10,7,6-9
CDMS0000474,129.18,160,3.37,5.5,110.77,100,28.33,40,82.56,100,20.68,30,7.01,10,10,6-9
CDMS0000475,126.3,160,4.66,5.5,89.66,100,44.28,40,98.26,100,29.94,30,7.91,10,10,6-9
CDMS0000476,132.72,160,5.36,5.5,99.99,100,29.08,40,67.38,100,30.04,30,8.1,10,6,6-9
CDMS0000477,120.27,160,5.91,5.5,85.69,100,36.45,40,62.69,100,35.89,30,7.61,10,7,6-9
CDMS0000478,138.52,160,5.91,5.5,81.88,100,31.83,40,93.11,100,34.82,30,12.64,10,6,6-9
CDMS0000479,162.6,160,3.62,5.5,60.69,100,37.15,40,110.88,100,24.29,30,10.96,10,6,6-9
CDMS0000480,145.1,160,4.46,5.5,100.52,100,42.64,40,100.69,100,35.9,30,6.3,10,6,6-9
CDMS0000481,125.32,160,3.19,5.5,104.89,100,37.08,40,101.53,100,29.54,30,11.73,10,7,6-9
CDMS0000482,117.08,160,3.63,5.5,73.93,100,28.31,40,95.28,100,31.39,30,10.64,10,9,6-9
CDMS0000483,159.89,160,4.98,5.5,67.38,100,44.34,40,83.03,100,22.41,30,7.5,10,7,6-9
CDMS0000484,158.15,160,5.25,5.5,84.43,100,38.05,40,106.9,100,33.39,30,11.03,10,6,6-9
CDMS0000485,121.25,160,4.66,5.5,107.65,100,38.52,40,71.22,100,31.57,30,12.75,10,10,6-9
CDMS0000486,125.72,160,3.92,5.5,106.71,100,42.21,40,72.3,100,32.42,30,9.75,10,6,6-9
CDMS0000487,164.38,160,3.21,5.5,102.61,100,32.89,40,67.24,100,31.62,30,9.44,10,10,6-9
CDMS0000488,104.77,160,4.87,5.5,86.88,100,38.6,40,83.75,100,29.75,30,10.92,10,9,6-9
CDMS0000489,167.19,160,3.46,5.5,101.23,100,43.27,40,81.48,100,34.77,30,10.17,10,6,6-9
CDMS0000490,166.27,160,5.76,5.5,82.23,100,44.77,40,77.49,100,30.46,30,10.06,10,6,6-9
CDMS0000491,125.49,160,5.8,5.5,91.8,100,39.77,40,95.81,100,20.05,30,9.98,10,9,6-9
CDMS0000492,114.05,160,3.01,5.5,69.85,100,34.89,40,62.68,100,25.92,30,8.27,10,8,6-9
CDMS0000493,128.72,160,5.61,5.5,97.44,100,32.02,40,100.19,100,26.41,30,9.51,10,8,6-9
CDMS0000494,161.47,160,4.98,5.5,94.02,100,26.06,40,80.22,100,20.91,30,9.05,10,8,6-9
CDMS0000495,155.27,160,4.01,5.5,106.39,100,38.28,40,91.1,100,29.73,30,9.37,10,10,6-9
CDMS0000496,139.46,160,4.7,5.5,102.77,100,28.95,40,75.39,100,35.97,30,12.21,10,7,6-9
CDMS0000497,129.58,160,4.78,5.5,100.53,100,39.73,40,67.28,100,35.52,30,8.81,10,8,6-9
CDMS0000498,157.65,160,4.06,5.5,80.69,100,40.87,40,76.31,100,28.48,30,9.74,10,9,6-9
CDMS0000499,165.91,160,4.41,5.5,109.7,100,43.88,40,97.7,100,24.33,30,7.45,10,9,6-9
CDMS0000500,123.77,160,5.67,5.5,88.93,100,42.45,40,80.99,100,32.03,30,8.19,10,7,6-9
CDMS0000501,148.06,160,3.88,5.5,76.78,100,35.89,40,84.26,100,23.16,30,10.29,10,7,6-9
CDMS0000502,129.11,160,5.65,5.5,85.75,100,35.25,40,81.6,100,33.14,30,11.53,10,9,6-9
CDMS0000503,134.22,160,4.72,5.5,72.8,100,40.8,40,86.27,100,26.73,30,10.63,10,9,6-9
CDMS0000504,167.04,160,4.35,5.5,105.5,100,32.45,40,85.1,100,28.5,30,9.66,10,9,6-9
CDMS0000505,165.32,160,3.84,5.5,93.74,100,39.83,40,108.77,100,24.32,30,8.84,10,10,6-9
CDMS0000506,123.37,160,5.02,5.5,95.1,100,37.94,40,78.83,100,23.17,30,10.34,10,6,6-9
CDMS0000507,140.87,160,5.95,5.5,90.06,100,27.21,40,110.79,100,33.51,30,12.82,10,8,6-9
CDMS0000508,141.08,160,4.66,5.5,90.91,100,34.7,40,90.73,100,32.82,30,9.24,10,7,6-9
CDMS0000509,169.31,160,5.23,5.5,88.03,100,42.71,40,84.11,100,28.52,30,11.93,10,8,6-9
CDMS0000510,106.66,160,3.51,5.5,77.08,100,32.44,40,107.59,100,20.35,30,12.25,10,9,6-9
CDMS0000511,165.53,160,5.75,5.5,89.52,100,33.13,40,72.17,100,20.47,30,6.7,10,10,6-9
CDMS0000512,111.6,160,5.74,5.5,68.94,100,45.19,40,103.34,100,35.03,30,7.35,10,8,6-9
CDMS0000513,128.71,160,4.47,5.5,80.6,100,32.44,40,74.8,100,32.74,30,12.18,10,10,6-9
CDMS0000514,168.2,160,4.7,5.5,84.55,100,31.41,40,78.58,100,29.37,30,10.16,10,7,6-9
CDMS0000515,144.47,160,3.11,5.5,64.25,100,33.87,40,85.74,100,30.75,30,10.75,10,10,6-9
CDMS0000516,111.31,160,5.82,5.5,92.84,100,32.61,40,94.09,100,26.4,30,8.68,10,6,6-9
CDMS0000517,108.34,160,4.58,5.5,102.85,100,28.03,40,62.59,100,26.44,30,10.7,10,8,6-9
CDMS0000518,114.12,160,5.46,5.5,60.61,100,42.44,40,83.77,100,21.23,30,9.48,10,6,6-9
CDMS0000519,148.08,160,3.31,5.5,77.14,100,27.43,40,107.46,100,30.91,30,6.35,10,9,6-9
CDMS0000520,109.84,160,4.93,5.5,83.74,100,38.78,40,82.94,100,30.88,30,7.72,10,9,6-9
CDMS0000521,146.08,160,3.72,5.5,80.52,100,32.18,40,102.38,100,25.98,30,12.2,10,8,6-9
CDMS0000522,152.91,160,5.98,5.5,77.83,100,43.86,40,72.65,100,22.82,30,6.91,10,8,6-9
CDMS0000523,157.42,160,3.53,5.5,86.3,100,27.18,40,67.8,100,33.7,30,11.58,10,6,6-9
CDMS0000524,126.93,160,3.62,5.5,109.91,100,42.39,40,99.29,100,29.96,30,12.08,10,9,6-9
CDMS0000525,104.94,160,4.54,5.5,71.58,100,42.01,40,68.35,100,33.19,30,11.99,10,7,6-9
CDMS0000526,144.02,160,5.25,5.5,93.5,100,41.02,40,64.07,100,23.86,30,12.77,10,10,6-9
CDMS0000527,126.73,160,3.34,5.5,77.27,100,39.59,40,60.58,100,29.71,30,9.99,10,7,6-9
CDMS0000528,102.96,160,3.64,5.5,86.86,100,26.79,40,75.37,100,35.77,30,12.88,10,8,6-9
CDMS0000529,120.28,160,5.35,5.5,92.65,100,37.22,40,88.02,100,30.75,30,12.44,10,6,6-9
CDMS0000530,141.39,160,4.43,5.5,98.23,100,38.05,40,82.56,100,23.52,30,6.74,10,6,6-9
CDMS0000531,124.74,160,5.33,5.5,103.45,100,40.08,40,75.97,100,31.11,30,6.8,10,9,6-9
CDMS0000532,128.22,160,5.82,5.5,104.1,100,36.59,40,89.63,100,25.51,30,7.2,10,7,6-9
CDMS0000533,140.23,160,5.03,5.5,67.44,100,32.15,40,64.52,100,20.12,30,7.44,10,10,6-9
CDMS0000534,164.77,160,4.89,5.5,84.76,100,37.78,40,81.39,100,26.56,30,9.34,10,7,6-9
CDMS0000535,156.02,160,4.44,5.5,77.01,100,40.3,40,106.14,100,27.78,30,6.01,10,6,6-9
CDMS0000536,163.91,160,3.95,5.5,63.74,100,41.03,40,82.41,100,21.7,30,8.05,10,9,6-9
CDMS0000537,103.06,160,3.03,5.5,92.51,100,39.68,40,82.13,100,31.11,30,6.29,10,9,6-9
CDMS0000538,118.26,160,3.9,5.5,60.72,100,31.28,40,93.6,100,32.69,30,12.21,10,10,6-9
CDMS0000539,114.35,160,3.61,5.5,69.77,100,29.45,40,94.48,100,32.9,30,7.42,10,7,6-9
CDMS0000540,155.98,160,3.67,5.5,87.14,100,36.43,40,110.08,100,33.53,30,9.9,10,6,6-9
CDMS0000541,119.51,160,4.6,5.5,72.89,100,36.73,40,88.63,100,32.39,30,10.13,10,10,6-9
CDMS0000542,166.23,160,3.62,5.5,104.89,100,35.83,40,85.88,100,27.83,30,7.87,10,6,6-9
CDMS0000543,109.01,160,4.7,5.5,88.65,100,34.55,40,68.69,100,35.16,30,9.05,10,9,6-9
CDMS0000544,119.86,160,5.96,5.5,106.92,100,39.7,40,93.83,100,20.03,30,12.77,10,8,6-9
CDMS0000545,120.29,160,3.1,5.5,95.35,100,33.47,40,73.66,100,32.63,30,6.6,10,9,6-9
CDMS0000546,154.5,160,5.46,5.5,66.54,100,29.72,40,85.51,100,21.76,30,10.45,10,9,6-9
CDMS0000547,107.54,160,3.82,5.5,93.19,100,39.54,40,63.55,100,19.25,30,6.66,10,10,6-9
CDMS0000548,133.9,160,3.04,5.5,60.55,100,33.99,40,80.94,100,28.63,30,10.92,10,6,6-9
CDMS0000549,150.66,160,4.15,5.5,71.4,100,42.92,40,69.75,100,24.02,30,9.89,10,7,6-9
CDMS0000550,122.39,160,5.6,5.5,80.74,100,41.4,40,95.05,100,25.57,30,7.37,10,6,6-9
CDMS0000551,125.06,160,3.76,5.5,88.09,100,35.13,40,65.43,100,25.08,30,11.34,10,6,6-9
CDMS0000552,124.98,160,5.14,5.5,71.97,100,32.16,40,91.1,100,29.26,30,11.47,10,7,6-9
CDMS0000553,100.74,160,4.08,5.5,98.17,100,32.22,40,63.27,100,20.87,30,7.63,10,10,6-9
CDMS0000554,115.31,160,3.72,5.5,97.7,100,34.46,40,68.97,100,30.23,30,12.12,10,10,6-9
CDMS0000555,120.45,160,3.23,5.5,70.13,100,32.53,40,89.84,100,33.06,30,6.43,10,6,6-9
CDMS0000556,170.01,160,3.5,5.5,68.28,100,37.86,40,67.46,100,27.88,30,9.43,10,9,6-9
CDMS0000557,142.09,160,4.18,5.5,96.85,100,43.76,40,88.84,100,28.9,30,10.34,10,7,6-9
CDMS0000558,169.98,160,3.83,5.5,70.39,100,32.64,40,91.21,100,21.16,30,6.02,10,8,6-9
CDMS0000559,141.35,160,3.57,5.5,60.6,100,28.05,40,87.51,100,28.97,30,6.55,10,6,6-9
CDMS0000560,120.76,160,5.54,5.5,93.12,100,44.1,40,80.92,100,25.8,30,6.8,10,6,6-9
CDMS0000561,132.65,160,4.36,5.5,71.34,100,37.27,40,103.76,100,23.36,30,7.37,10,7,6-9
CDMS0000562,120.97,160,4.49,5.5,69.66,100,34.02,40,71.16,100,19.64,30,12.09,10,6,6-9
CDMS0000563,143.66,160,3.9,5.5,95.79,100,37.69,40,94.19,100,25.48,30,9.94,10,8,6-9
CDMS0000564,122.98,160,5.76,5.5,82.16,100,27.22,40,70.72,100,35.88,30,12.9,10,6,6-9
CDMS0000565,168.81,160,3.95,5.5,88.85,100,42.29,40,68.21,100,28.42,30,9.41,10,9,6-9
CDMS0000566,130.94,160,4.26,5.5,103.52,100,37.55,40,104.18,100,22.71,30,7.92,10,8,6-9
CDMS0000567,168.01,160,3.74,5.5,92.21,100,33.02,40,76.2,100,19.84,30,7.2,10,8,6-9
CDMS0000568,104.68,160,4.46,5.5,77.59,100,36.81,40,110.09,100,31.03,30,7.35,10,9,6-9
CDMS0000569,143.79,160,4.97,5.5,65.03,100,28.7,40,104.79,100,23.55,30,7.6,10,10,6-9
CDMS0000570,134.01,160,4.71,5.5,89.27,100,35.41,40,77.01,100,29.31,30,7.35,10,9,6-9
CDMS0000571,162.79,160,4.74,5.5,97.71,100,40.68,40,64.87,100,29.82,30,7.49,10,7,6-9
CDMS0000572,132.95,160,3.09,5.5,79.5,100,27.21,40,106.55,100,32.01,30,7.09,10,9,6-9
CDMS0000573,116.28,160,5.48,5.5,101.18,100,39.4,40,106.54,100,33.08,30,7.44,10,6,6-9
CDMS0000574,119.66,160,5.52,5.5,68.22,100,30.77,40,63.11,100,20.7,30,7.93,10,8,6-9
CDMS0000575,144.88,160,4.64,5.5,65.31,100,38.22,40,101.84,100,30.55,30,8.16,10,6,6-9
CDMS0000576,148.16,160,3.15,5.5,96.24,100,26.32,40,80.31,100,25.59,30,11.14,10,9,6-9
CDMS0000577,135.21,160,3.66,5.5,68.07,100,39.89,40,73.07,100,34.52,30,6.79,10,6,6-9
CDMS0000578,160.29,160,4.13,5.5,86.15,100,28.26,40,77.03,100,28.37,30,11.69,10,10,6-9
CDMS0000579,154.01,160,3.4,5.5,96.37,100,37.52,40,98.6,100,20.07,30,9.96,10,8,6-9
CDMS0000580,141.67,160,5.55,5.5,63.1,100,37.94,40,110.34,100,29.2,30,8.79,10,8,6-9
CDMS0000581,123.63,160,3.24,5.5,107.4,100,39.83,40,75.71,100,28.73,30,9.72,10,8,6-9
CDMS0000582,125.44,160,5.84,5.5,61.76,100,42.27,40,92.58,100,30.27,30,12.44,10,7,6-9
CDMS0000583,107.67,160,3.77,5.5,78.96,100,33.13,40,109.15,100,30.38,30,12.5,10,6,6-9
CDMS0000584,108.21,160,3.02,5.5,84.03,100,34.41,40,99.59,100,20.78,30,8.78,10,10,6-9
CDMS0000585,162.3,160,4.35,5.5,67.12,100,42.66,40,72.5,100,35.19,30,6.29,10,10,6-9
CDMS0000586,117.64,160,3.4,5.5,79.54,100,42.25,40,74.6,100,31.6,30,12.62,10,9,6-9
CDMS0000587,136.88,160,4.76,5.5,102.69,100,36.85,40,66.94,100,26.6,30,10.71,10,9,6-9
CDMS0000588,158.92,160,5.96,5.5,81.52,100,27.27,40,67.07,100,26.68,30,10.04,10,8,6-9
CDMS0000589,106.92,160,3.84,5.5,104.8,100,37.95,40,95.09,100,33.12,30,6.86,10,8,6-9
CDMS0000590,146.96,160,4.31,5.5,104.82,100,34.82,40,74.16,100,33.16,30,8.35,10,9,6-9
CDMS0000591,107.39,160,4.45,5.5,88.66,100,34.38,40,96.59,100,19.09,30,6.88,10,9,6-9
CDMS0000592,126.27,160,3.02,5.5,75.1,100,27.02,40,81.03,100,32.26,30,9.88,10,10,6-9
CDMS0000593,170.37,160,3.99,5.5,104.13,100,32.38,40,95.37,100,19.41,30,6.75,10,8,6-9
CDMS0000594,162.16,160,3.64,5.5,66.43,100,31.67,40,88.37,100,31.73,30,7.3,10,9,6-9
CDMS0000595,101.87,160,4.77,5.5,98.61,100,32.93,40,63.7,100,21.73,30,10.94,10,7,6-9
CDMS0000596,156.26,160,4.26,5.5,70.04,100,41.12,40,86.84,100,24.46,30,10.56,10,6,6-9
CDMS0000597,110.06,160,4.09,5.5,64.23,100,26.67,40,105.23,100,30.46,30,11.94,10,8,6-9
CDMS0000598,120.31,160,4.75,5.5,76.48,100,32.56,40,65.56,100,24.34,30,9.89,10,6,6-9
CDMS0000599,152.78,160,3.29,5.5,92.84,100,39.22,40,110.1,100,26.03,30,10.38,10,8,6-9
CDMS0000600,139.6,160,3.58,5.5,104.94,100,40.09,40,68.06,100,21.97,30,9.68,10,10,6-9
CDMS0000601,113.15,160,3.74,5.5,63.65,100,31.71,40,107.93,100,21.01,30,8.13,10,9,6-9
CDMS0000602,123.89,160,3.52,5.5,65.97,100,35.44,40,90.36,100,35.06,30,6.66,10,7,6-9
CDMS0000603,136.15,160,4.84,5.5,78.03,100,38.98,40,98.07,100,19.21,30,11.74,10,7,6-9
CDMS0000604,162.66,160,4.88,5.5,101.75,100,39.41,40,77.43,100,22.15,30,9.45,10,10,6-9
CDMS0000605,134.13,160,5.75,5.5,72.48,100,42.47,40,80.31,100,35.36,30,8.48,10,7,6-9
CDMS0000606,157.88,160,3.5,5.5,88.56,100,40.77,40,82.98,100,29.28,30,12.17,10,6,6-9
CDMS0000607,153.72,160,4.08,5.5,76.05,100,38.06,40,97.45,100,25.36,30,10.07,10,6,6-9
CDMS0000608,115.01,160,3.57,5.5,109.81,100,31.71,40,79.62,100,19.69,30,9.61,10,6,6-9
CDMS0000609,118.99,160,4.48,5.5,101.44,100,29.08,40,79.8,100,24.54,30,6.9,10,6,6-9
CDMS0000610,114.01,160,5.96,5.5,63.54,100,28.69,40,66.24,100,32.86,30,9.89,10,9,6-9
CDMS0000611,157.2,160,4.86,5.5,85.67,100,43.71,40,85.53,100,23.89,30,8.85,10,6,6-9
CDMS0000612,156.11,160,3.35,5.5,73.43,100,28.95,40,101.34,100,33.61,30,10.4,10,8,6-9
CDMS0000613,104.29,160,5.04,5.5,77.09,100,35.4,40,99.39,100,26.57,30,12.47,10,9,6-9
CDMS0000614,148.86,160,5.12,5.5,90.26,100,31.79,40,96.92,100,26.12,30,10.15,10,6,6-9
CDMS0000615,117.28,160,5.87,5.5,63.15,100,35.33,40,76.78,100,28.17,30,11.35,10,8,6-9
CDMS0000616,136.68,160,5.76,5.5,85.93,100,34.41,40,102.58,100,28.02,30,10.2,10,6,6-9
CDMS0000617,103.77,160,3.33,5.5,90.55,100,34.34,40,105.85,100,25.18,30,9.1,10,6,6-9
CDMS0000618,160.55,160,4.55,5.5,72.7,100,40.97,40,107.68,100,34.49,30,11.32,10,8,6-9
CDMS0000619,101.68,160,4.68,5.5,99.72,100,40.19,40,99.64,100,35.03,30,7.12,10,8,6-9
CDMS0000620,101.42,160,4.07,5.5,80.91,100,45.99,40,63.27,100,34.16,30,9.51,10,6,6-9
CDMS0000621,148.25,160,4.68,5.5,104.79,100,30.73,40,92.92,100,35.72,30,7.15,10,9,6-9
CDMS0000622,133.84,160,3.62,5.5,97.23,100,36.23,40,78.26,100,30.26,30,9.01,10,6,6-9
CDMS0000623,167.82,160,5.09,5.5,98.11,100,44.4,40,64.14,100,22.48,30,8.71,10,10,6-9
CDMS0000624,104.67,160,5.84,5.5,109.77,100,32.6,40,83.65,100,19.36,30,10.79,10,10,6-9
CDMS0000625,146.86,160,3.95,5.5,61.75,100,26.16,40,77.38,100,25.45,30,10.06,10,10,6-9
CDMS0000626,168.52,160,4.06,5.5,96.93,100,29.7,40,82.02,100,21.84,30,11.8,10,6,6-9
CDMS0000627,150.41,160,4.91,5.5,82.16,100,34.1,40,74.72,100,20.48,30,7.65,10,10,6-9
CDMS0000628,107.24,160,4.49,5.5,67.39,100,31.93,40,63.36,100,30.65,30,11.51,10,6,6-9
CDMS0000629,137.76,160,3.15,5.5,93.95,100,39.29,40,64.86,100,23.24,30,6.79,10,10,6-9
CDMS0000630,108.43,160,4.46,5.5,79.32,100,32.63,40,97.07,100,35.3,30,9.11,10,10,6-9
CDMS0000631,152.53,160,5.77,5.5,107.47,100,35.88,40,106.33,100,23.77,30,11.98,10,9,6-9
CDMS0000632,149.59,160,5.87,5.5,85.93,100,29.43,40,108.26,100,32.98,30,12.79,10,10,6-9
CDMS0000633,146.13,160,5.92,5.5,82.42,100,41.85,40,99.72,100,22.52,30,11.6,10,6,6-9
CDMS0000634,101.35,160,4.58,5.5,103.58,100,28.73,40,90.6,100,27.56,30,9.09,10,10,6-9
CDMS0000635,117.41,160,5.5,5.5,70.94,100,28.24,40,87.33,100,25.61,30,7.61,10,7,6-9
CDMS0000636,105.06,160,4.18,5.5,93.9,100,26.92,40,94.38,100,30.18,30,11.12,10,10,6-9
CDMS0000637,161.83,160,3.97,5.5,83.72,100,44.87,40,103.07,100,29.58,30,12.44,10,6,6-9
CDMS0000638,155.73,160,4.43,5.5,86.37,100,33.92,40,75.67,100,34.74,30,8.88,10,6,6-9
CDMS0000639,138.09,160,3.89,5.5,71.76,100,40.4,40,60.64,100,29.24,30,10.26,10,10,6-9
CDMS0000640,105.78,160,4.67,5.5,71.98,100,32.35,40,63.96,100,35.22,30,9.15,10,7,6-9
CDMS0000641,116.85,160,3.42,5.5,63.39,100,27.87,40,61.36,100,28.42,30,11.93,10,8,6-9
CDMS0000642,104.33,160,3.48,5.5,87.48,100,27.09,40,78.35,100,28.26,30,11.72,10,9,6-9
CDMS0000643,170.91,160,5.08,5.5,83.36,100,45.1,40,72.69,100,31.7,30,7.76,10,7,6-9
CDMS0000644,167.1,160,3.28,5.5,69.86,100,44.6,40,103.26,100,22.32,30,12.97,10,6,6-9
CDMS0000645,104.61,160,3.61,5.5,66.8,100,41.15,40,92.98,100,20.92,30,8.48,10,7,6-9
CDMS0000646,159.49,160,4.28,5.5,99.59,100,27.04,40,69.55,100,34.28,30,9.31,10,6,6-9
CDMS0000647,122.28,160,3.92,5.5,104.01,100,26.19,40,104.46,100,24.46,30,11.45,10,8,6-9
CDMS0000648,152.35,160,3.01,5.5,109.85,100,45.72,40,60.75,100,32.5,30,12.61,10,9,6-9
CDMS0000649,149.95,160,4.7,5.5,107.28,100,42.53,40,61.08,100,23.18,30,7.09,10,6,6-9
CDMS0000650,156.06,160,4.76,5.5,70.48,100,38.83,40,69.54,100,30.06,30,11.71,10,6,6-9
CDMS0000651,101.78,160,5.02,5.5,106.64,100,29.5,40,101.85,100,25.25,30,7.47,10,9,6-9
CDMS0000652,124.04,160,5.4,5.5,75.58,100,34.67,40,64.99,100,19.06,30,6.69,10,8,6-9
CDMS0000653,156.44,160,4.21,5.5,86.61,100,35.97,40,61.55,100,27.24,30,12.71,10,7,6-9
CDMS0000654,116.24,160,5.36,5.5,92.53,100,43.74,40,79.47,100,32.93,30,8.67,10,7,6-9
CDMS0000655,158.88,160,3.93,5.5,79.45,100,32.67,40,93.89,100,21.73,30,12.68,10,7,6-9
CDMS0000656,154.09,160,5.85,5.5,104.6,100,38.5,40,110.25,100,22.58,30,10.89,10,9,6-9
CDMS0000657,112.53,160,3.32,5.5,68.59,100,33.29,40,93.81,100,30.47,30,10.94,10,6,6-9
CDMS0000658,146.98,160,3.7,5.5,68.47,100,29.62,40,103.16,100,31.18,30,8.6,10,6,6-9
CDMS0000659,163.11,160,4.58,5.5,82.91,100,44.4,40,63.54,100,26.89,30,7.32,10,10,6-9
CDMS0000660,101.64,160,3.59,5.5,100.29,100,45.3,40,68.14,100,27.05,30,12.83,10,6,6-9
CDMS0000661,127.24,160,5.77,5.5,110.86,100,27.88,40,77.61,100,29.37,30,10.36,10,10,6-9
CDMS0000662,152.23,160,3.5,5.5,110.68,100,38.62,40,90.61,100,25.81,30,10.95,10,8,6-9
CDMS0000663,147.73,160,3.56,5.5,69.9,100,27.48,40,76.13,100,30.25,30,7.77,10,6,6-9
CDMS0000664,127.9,160,4.33,5.5,62.35,100,41.84,40,64.04,100,20.58,30,7.72,10,9,6-9
CDMS0000665,126.07,160,4.6,5.5,86.11,100,34.03,40,108.23,100,35.83,30,9.07,10,10,6-9
CDMS0000666,158.95,160,4.64,5.5,89.47,100,39.27,40,94.06,100,34.62,30,10.6,10,6,6-9
CDMS0000667,167.73,160,4.18,5.5,70.41,100,28.68,40,84.28,100,32.72,30,11.64,10,8,6-9
CDMS0000668,142.83,160,5.42,5.5,66.85,100,26.08,40,73.88,100,26.69,30,8.87,10,6,6-9
CDMS0000669,105.76,160,4.49,5.5,89.39,100,43.33,40,100.19,100,29.57,30,9.48,10,6,6-9
CDMS0000670,157.23,160,4.08,5.5,74.76,100,34.5,40,78.44,100,23.99,30,6.47,10,10,6-9
CDMS0000671,137.65,160,4.38,5.5,110.47,100,35.89,40,106.16,100,20.88,30,7.59,10,6,6-9
CDMS0000672,120.01,160,4.44,5.5,105.6,100,45.8,40,63.55,100,19.75,30,10.81,10,10,6-9
CDMS0000673,170.9,160,3.27,5.5,90.18,100,45.13,40,84.38,100,35.13,30,11.41,10,6,6-9
CDMS0000674,118.95,160,3.99,5.5,61.04,100,42.33,40,103.81,100,32.87,30,6.77,10,8,6-9
CDMS0000675,129.89,160,3.91,5.5,81.83,100,43.3,40,84.43,100,34.76,30,12.42,10,7,6-9
CDMS0000676,124.97,160,5.2,5.5,79.77,100,32.58,40,89.13,100,33.29,30,6.52,10,10,6-9
CDMS0000677,141.67,160,5.06,5.5,91.01,100,30.54,40,72.98,100,24.49,30,9.82,10,6,6-9
CDMS0000678,112.45,160,4.58,5.5,109.16,100,31.18,40,100.56,100,26.73,30,6.87,10,6,6-9
CDMS0000679,170.81,160,4.08,5.5,71.25,100,37.21,40,84.15,100,21.95,30,7.74,10,8,6-9
CDMS0000680,131.81,160,4.16,5.5,83.57,100,32.13,40,97.22,100,32.46,30,9.42,10,8,6-9
CDMS0000681,135.8,160,5.07,5.5,83.32,100,45.87,40,76.98,100,33.77,30,9.5,10,10,6-9
CDMS0000682,106.73,160,3.22,5.5,68.67,100,32.11,40,101.62,100,28.86,30,8.2,10,6,6-9
CDMS0000683,162.95,160,3.59,5.5,99.67,100,29.3,40,92.63,100,31.96,30,10.69,10,9,6-9
CDMS0000684,147.4,160,5.87,5.5,110.53,100,26.25,40,110.05,100,34.57,30,9.26,10,10,6-9
CDMS0000685,168.26,160,5.45,5.5,104.45,100,37.75,40,98.26,100,35.87,30,11.32,10,6,6-9
CDMS0000686,112.26,160,5.04,5.5,82.21,100,27.92,40,66.4,100,31.89,30,6.95,10,10,6-9
CDMS0000687,149.93,160,5.84,5.5,82.32,100,30.29,40,103.16,100,29.58,30,10.68,10,8,6-9
CDMS0000688,117.69,160,4.82,5.5,107.93,100,32.67,40,84.56,100,24.3,30,12.77,10,6,6-9
CDMS0000689,153.79,160,5.11,5.5,97.29,100,43.86,40,82.25,100,28.22,30,10.57,10,9,6-9
CDMS0000690,135.57,160,4.39,5.5,61.36,100,28.49,40,63.77,100,21.47,30,12.33,10,7,6-9
CDMS0000691,106.47,160,4.21,5.5,99.86,100,28.12,40,98.35,100,25.91,30,7.53,10,7,6-9
CDMS0000692,106.31,160,4.93,5.5,61.36,100,33.76,40,73.05,100,33.23,30,11.11,10,9,6-9
CDMS0000693,126.07,160,4.25,5.5,90.37,100,27.6,40,107.19,100,35.47,30,10.33,10,7,6-9
CDMS0000694,149.78,160,4.51,5.5,68.61,100,31.83,40,98.35,100,28.8,30,10.7,10,7,6-9
CDMS0000695,143.88,160,5.06,5.5,97.06,100,42.53,40,106.58,100,26.39,30,11.29,10,6,6-9
CDMS0000696,124.25,160,4.89,5.5,94.95,100,45.94,40,84.49,100,24.32,30,9.58,10,9,6-9
CDMS0000697,155.77,160,4.19,5.5,104.6,100,29.2,40,78.71,100,26.34,30,8.72,10,6,6-9
CDMS0000698,112.37,160,4.84,5.5,69.89,100,31.43,40,109.77,100,20.3,30,7.29,10,6,6-9
CDMS0000699,147.5,160,4.1,5.5,105.12,100,33.12,40,69.79,100,25.13,30,11.88,10,10,6-9
CDMS0000700,163.32,160,3.2,5.5,73.29,100,33.71,40,81.62,100,23.76,30,7.54,10,8,6-9
CDMS0000701,143.4,160,4.87,5.5,104.4,100,35.56,40,82.41,100,33.08,30,8.41,10,9,6-9
CDMS0000702,148.3,160,4.9,5.5,87.32,100,35.22,40,101.65,100,31.28,30,9.2,10,10,6-9
CDMS0000703,117.08,160,3.46,5.5,72.95,100,29.34,40,90.98,100,22.78,30,12.8,10,7,6-9
CDMS0000704,165.51,160,3.13,5.5,100.25,100,41.26,40,75.71,100,23.72,30,12.77,10,10,6-9
CDMS0000705,125.29,160,3.2,5.5,68.49,100,41.52,40,94.26,100,32.64,30,7.88,10,6,6-9
CDMS0000706,138.56,160,4.02,5.5,82.9,100,35.56,40,67.51,100,27.02,30,6.2,10,8,6-9
CDMS0000707,114.99,160,4.74,5.5,77.74,100,32.64,40,73.48,100,24.34,30,7.6,10,10,6-9
CDMS0000708,120.87,160,4.87,5.5,76.15,100,40.79,40,109.06,100,22.96,30,6.44,10,8,6-9
CDMS0000709,120.05,160,5.77,5.5,94.18,100,32.81,40,109.64,100,26.36,30,9.39,10,9,6-9
CDMS0000710,107.55,160,5.85,5.5,109.57,100,27.76,40,102.29,100,23.85,30,6.65,10,8,6-9
CDMS0000711,170.82,160,4.79,5.5,104.08,100,41.21,40,98.21,100,33.49,30,12.04,10,9,6-9
CDMS0000712,164.07,160,5.34,5.5,92.87,100,33.96,40,75.92,100,27.43,30,9.82,10,6,6-9
CDMS0000713,115.27,160,4.3,5.5,86.7,100,41.26,40,94.42,100,33.8,30,6.9,10,10,6-9
CDMS0000714,169.18,160,4.83,5.5,72.57,100,31.11,40,84.58,100,33.45,30,7.08,10,9,6-9
CDMS0000715,148.26,160,5.4,5.5,110.02,100,32.62,40,95.62,100,33.66,30,11.28,10,10,6-9
CDMS0000716,120.58,160,4.24,5.5,66.41,100,35.93,40,103.22,100,23.47,30,9.46,10,7,6-9
CDMS0000717,129.94,160,3.08,5.5,102.07,100,38.69,40,70.72,100,35.85,30,9.14,10,8,6-9
CDMS0000718,170.79,160,5.25,5.5,91.13,100,30.46,40,69.29,100,31.19,30,10.66,10,9,6-9
CDMS0000719,123.81,160,4.4,5.5,93.91,100,45.24,40,93.4,100,25.87,30,8.04,10,9,6-9
CDMS0000720,157.19,160,3.03,5.5,100.85,100,32.61,40,85.48,100,30.66,30,12.6,10,10,6-9
CDMS0000721,113.44,160,4.15,5.5,80.74,100,45.98,40,92.6,100,34.65,30,6.38,10,8,6-9
CDMS0000722,136.25,160,3.73,5.5,86.69,100,26.49,40,95.69,100,28.65,30,9.83,10,10,6-9
CDMS0000723,123.42,160,4.81,5.5,105.83,100,43.18,40,62.56,100,25.18,30,11.09,10,7,6-9
CDMS0000724,127.19,160,3.19,5.5,61.04,100,32.03,40,75.56,100,24.15,30,8.01,10,7,6-9
CDMS0000725,142.68,160,5.51,5.5,70.54,100,45.85,40,98.51,100,23.86,30,7.7,10,8,6-9
CDMS0000726,121.03,160,5.61,5.5,105.68,100,44.41,40,67.3,100,30.4,30,7.8,10,6,6-9
CDMS0000727,124.09,160,4.96,5.5,98.22,100,44.95,40,87.57,100,19.02,30,8.38,10,8,6-9
CDMS0000728,124.55,160,3.23,5.5,60.12,100,39.75,40,108.49,100,33.44,30,8.96,10,6,6-9
CDMS0000729,167.21,160,4.62,5.5,104.96,100,40.52,40,83.62,100,30.05,30,9.01,10,6,6-9
CDMS0000730,151.09,160,5.59,5.5,75.53,100,44.99,40,110.8,100,28.27,30,6.72,10,10,6-9
CDMS0000731,150.57,160,5.99,5.5,74.07,100,39.45,40,77.04,100,20.22,30,11.83,10,6,6-9
CDMS0000732,122.3,160,5.68,5.5,96.92,100,29.2,40,83.88,100,26.43,30,6.44,10,8,6-9
CDMS0000733,107.89,160,4.86,5.5,69.55,100,38.13,40,92.95,100,25.93,30,11.27,10,6,6-9
CDMS0000734,158.01,160,3.89,5.5,82.18,100,39.58,40,63.07,100,21.74,30,7.76,10,9,6-9
CDMS0000735,101.27,160,5.57,5.5,99.64,100,41.77,40,68.31,100,30.93,30,9.02,10,6,6-9
CDMS0000736,164.24,160,5.86,5.5,67.44,100,41.43,40,74.88,100,33.46,30,11.85,10,9,6-9
CDMS0000737,119.09,160,5.71,5.5,110.83,100,45.25,40,63.55,100,25.5,30,12.59,10,7,6-9
CDMS0000738,156.35,160,4.11,5.5,65.55,100,33.69,40,67.37,100,34.11,30,7.5,10,6,6-9
CDMS0000739,165.06,160,5.44,5.5,103.96,100,39.15,40,103.07,100,20.55,30,10.56,10,9,6-9
CDMS0000740,146.45,160,4.88,5.5,101.93,100,30.52,40,62.21,100,26.42,30,9.38,10,9,6-9
CDMS0000741,151.3,160,3.69,5.5,92.18,100,38.77,40,110.29,100,20.24,30,7.43,10,7,6-9
CDMS0000742,157.55,160,4.24,5.5,108.08,100,31.12,40,80.79,100,23.67,30,6.18,10,7,6-9
CDMS0000743,135.09,160,4.94,5.5,84.69,100,31.12,40,90.13,100,19.81,30,10.07,10,8,6-9
CDMS0000744,120.63,160,3.6,5.5,67.62,100,36.68,40,68.72,100,33.3,30,7.11,10,9,6-9
CDMS0000745,120.51,160,3.67,5.5,63.7,100,26.26,40,76.33,100,24.27,30,12.36,10,10,6-9
CDMS0000746,153.21,160,4.24,5.5,96.15,100,26.79,40,93.1,100,34.06,30,9.85,10,7,6-9
CDMS0000747,119.35,160,5.73,5.5,91.45,100,27.12,40,69.32,100,28.76,30,9.08,10,8,6-9
CDMS0000748,138.86,160,5.56,5.5,96.29,100,36.91,40,75.76,100,25.8,30,8.2,10,7,6-9
CDMS0000749,120.51,160,3.75,5.5,74.56,100,44.92,40,96.41,100,26.6,30,12.21,10,9,6-9
CDMS0000750,142.2,160,4.3,5.5,64.4,100,35.75,40,82.83,100,31.56,30,9.69,10,7,6-9
CDMS0000751,169.5,160,5.08,5.5,100.95,100,28.71,40,68.54,100,22.53,30,12.02,10,8,6-9
CDMS0000752,170.08,160,5.93,5.5,100.79,100,28.07,40,69.35,100,30.45,30,10.29,10,8,6-9
CDMS0000753,141.2,160,5.56,5.5,70.25,100,35.73,40,64.26,100,30.68,30,6.53,10,9,6-9
CDMS0000754,114.71,160,4.16,5.5,71.87,100,41.85,40,77.3,100,19.76,30,8.92,10,9,6-9
CDMS0000755,109.68,160,3.05,5.5,65.23,100,28.84,40,85.61,100,31.8,30,10.57,10,9,6-9
CDMS0000756,129.93,160,3.59,5.5,104.44,100,39.6,40,75.8,100,31.62,30,12.24,10,9,6-9
CDMS0000757,112.36,160,5.07,5.5,64.93,100,30.45,40,78.04,100,21.81,30,7.87,10,9,6-9
CDMS0000758,115.61,160,3.39,5.5,110.59,100,43.48,40,66.97,100,20.03,30,6.36,10,8,6-9
CDMS0000759,167.21,160,3.09,5.5,71.64,100,28.43,40,64.43,100,30.94,30,10.75,10,9,6-9
CDMS0000760,145.03,160,3.81,5.5,86.99,100,39.61,40,89.89,100,19.9,30,6.71,10,7,6-9
CDMS0000761,145.39,160,4.72,5.5,83.21,100,41.64,40,83.56,100,19.86,30,10.16,10,10,6-9
CDMS0000762,112.58,160,5.11,5.5,98.25,100,40.78,40,84.21,100,31.21,30,10.52,10,7,6-9
CDMS0000763,132.39,160,3.83,5.5,110.95,100,30.52,40,81.46,100,29.01,30,7.22,10,8,6-9
CDMS0000764,124.9,160,5.12,5.5,69.97,100,35.39,40,103.93,100,23.76,30,11.08,10,9,6-9
CDMS0000765,168.6,160,4.27,5.5,65.45,100,29.99,40,106.59,100,30.62,30,8.45,10,8,6-9
CDMS0000766,153.63,160,3.33,5.5,71.84,100,30.72,40,94.31,100,24.24,30,6.8,10,6,6-9
CDMS0000767,109.63,160,5.06,5.5,96.39,100,44.8,40,92.33,100,34.21,30,6.24,10,6,6-9
CDMS0000768,151.1,160,5.23,5.5,64.91,100,32.64,40,70.48,100,28.39,30,12.13,10,8,6-9
CDMS0000769,153.12,160,3.46,5.5,103.06,100,42.5,40,79.27,100,31.6,30,6.75,10,10,6-9
CDMS0000770,115.9,160,3.73,5.5,73.8,100,28.82,40,93.87,100,30.7,30,10.64,10,7,6-9
CDMS0000771,118.02,160,4.44,5.5,88.76,100,36.35,40,74.14,100,29.9,30,12.36,10,6,6-9
CDMS0000772,163.18,160,5.05,5.5,89.7,100,41.73,40,73.92,100,33.3,30,8.52,10,10,6-9
CDMS0000773,150.44,160,5.87,5.5,94.13,100,42.33,40,101.19,100,24.79,30,10.25,10,9,6-9
CDMS0000774,123.2,160,3.06,5.5,89.2,100,39.16,40,85.94,100,25.93,30,9.15,10,8,6-9
CDMS0000775,116.56,160,3.54,5.5,65.72,100,39.84,40,80.95,100,27.06,30,6.11,10,9,6-9
CDMS0000776,168.18,160,4.79,5.5,101.11,100,39.65,40,60.52,100,19.07,30,8.16,10,10,6-9
CDMS0000777,152.12,160,3.31,5.5,109.12,100,29.03,40,75.05,100,24.66,30,11.56,10,7,6-9
CDMS0000778,117.73,160,4.55,5.5,75.73,100,30.75,40,77.51,100,29.04,30,7.86,10,9,6-9
CDMS0000779,106.44,160,5.61,5.5,72.45,100,38.39,40,109.28,100,22.12,30,6.86,10,9,6-9
CDMS0000780,133.23,160,3.58,5.5,61.49,100,41.32,40,89.73,100,22.04,30,7.46,10,10,6-9
CDMS0000781,109.08,160,3.18,5.5,96.58,100,43.56,40,71.49,100,27.11,30,9.47,10,6,6-9
CDMS0000782,166.62,160,5.16,5.5,108.72,100,42.12,40,76.68,100,24.68,30,8.86,10,6,6-9
CDMS0000783,103.87,160,4.07,5.5,86.33,100,30.35,40,86.8,100,22.84,30,8.96,10,6,6-9
CDMS0000784,130.39,160,3.51,5.5,80.79,100,40.46,40,104.07,100,34.06,30,6.84,10,9,6-9
CDMS0000785,125.19,160,4.18,5.5,99.53,100,37.64,40,101.94,100,19.38,30,12.13,10,10,6-9
CDMS0000786,110.77,160,4.88,5.5,93.75,100,40.61,40,106.57,100,24.74,30,7.98,10,6,6-9
CDMS0000787,108.39,160,4.49,5.5,86.32,100,29.21,40,95.13,100,25.88,30,6.82,10,10,6-9
CDMS0000788,101.4,160,5.97,5.5,74.98,100,39.47,40,110.17,100,20.91,30,6.19,10,6,6-9
CDMS0000789,160.94,160,4.46,5.5,104.21,100,28.36,40,70.4,100,34.55,30,12.91,10,10,6-9
CDMS0000790,148.5,160,5.38,5.5,69.24,100,35.01,40,107.13,100,34.47,30,10.15,10,6,6-9
CDMS0000791,166.97,160,4.33,5.5,64.95,100,40.61,40,75.94,100,35.32,30,7.36,10,10,6-9
CDMS0000792,113.34,160,3.59,5.5,97.2,100,38.22,40,75.63,100,26.83,30,10.5,10,7,6-9
CDMS0000793,154.78,160,5.89,5.5,85.64,100,31.23,40,97.29,100,30.79,30,9.62,10,6,6-9
CDMS0000794,155.83,160,4.87,5.5,105.2,100,41.26,40,70.73,100,29.82,30,10.09,10,8,6-9
CDMS0000795,114.76,160,4.35,5.5,100.62,100,26.62,40,77.41,100,35.64,30,12.83,10,10,6-9
CDMS0000796,159.95,160,5.33,5.5,63.24,100,45.67,40,110.72,100,27.09,30,10.79,10,8,6-9
CDMS0000797,140.31,160,5.08,5.5,84.27,100,35.68,40,65.46,100,29.81,30,8.04,10,6,6-9
CDMS0000798,146.53,160,3.38,5.5,67.66,100,45.86,40,91.5,100,19.08,30,11.19,10,6,6-9
CDMS0000799,166.35,160,3.59,5.5,97.27,100,43.48,40,101.2,100,29.04,30,9.7,10,6,6-9
CDMS0000800,134.22,160,5.67,5.5,75.08,100,26.65,40,94.43,100,34.36,30,8.78,10,9,6-9
CDMS0000801,159.53,160,3.18,5.5,89.11,100,44.22,40,89.61,100,22.89,30,12.12,10,7,6-9
CDMS0000802,163.45,160,4.53,5.5,63.19,100,38.61,40,95.89,100,19.49,30,8.86,10,8,6-9
CDMS0000803,113.49,160,3.08,5.5,70.55,100,36.16,40,107.21,100,21.22,30,7.99,10,10,6-9
CDMS0000804,144.65,160,3.27,5.5,61.91,100,28.96,40,107.84,100,33.61,30,7.11,10,10,6-9
CDMS0000805,123.94,160,5.48,5.5,91.12,100,41.15,40,91.51,100,21.92,30,11.34,10,10,6-9
CDMS0000806,105.44,160,3.2,5.5,66.65,100,45.67,40,105.31,100,30.15,30,7.5,10,6,6-9
CDMS0000807,145.72,160,4.54,5.5,60.61,100,36.36,40,82.18,100,21.25,30,7.07,10,10,6-9
CDMS0000808,136.7,160,3.47,5.5,93.79,100,30.97,40,109.85,100,22.91,30,12.37,10,10,6-9
CDMS0000809,111.52,160,3.21,5.5,101.87,100,30.78,40,82.96,100,34.18,30,10.62,10,7,6-9
CDMS0000810,107.86,160,3.13,5.5,77.58,100,30.85,40,105.38,100,19.31,30,12.72,10,9,6-9
CDMS0000811,150.16,160,3.37,5.5,79.96,100,29.1,40,90.99,100,33.11,30,10.36,10,9,6-9
CDMS0000812,166.45,160,5.26,5.5,82.67,100,32.25,40,87.76,100,24.46,30,7.1,10,10,6-9
CDMS0000813,132.9,160,5.7,5.5,77.2,100,41.58,40,93.03,100,25.06,30,9.29,10,7,6-9
CDMS0000814,129.33,160,5.83,5.5,62.3,100,31.06,40,90.08,100,25.87,30,6.72,10,10,6-9
CDMS0000815,126.79,160,5.73,5.5,93.89,100,29.35,40,104.96,100,32.19,30,7.92,10,6,6-9
CDMS0000816,125.16,160,3.83,5.5,104.6,100,30.79,40,96.45,100,21.41,30,10.49,10,10,6-9
CDMS0000817,127.04,160,4.45,5.5,85.69,100,30.04,40,90.18,100,32.32,30,6.45,10,7,6-9
CDMS0000818,133.27,160,3.49,5.5,108.95,100,40.68,40,70.75,100,35.29,30,10.54,10,6,6-9
CDMS0000819,159.33,160,4.21,5.5,84.56,100,34.71,40,97.8,100,30.95,30,7.2,10,9,6-9
CDMS0000820,107.6,160,3.89,5.5,100.58,100,33.71,40,61.37,100,31.99,30,9.87,10,10,6-9
CDMS0000821,115.13,160,4.64,5.5,89.2,100,41.97,40,87.64,100,33.25,30,10.65,10,7,6-9
CDMS0000822,115.99,160,4.91,5.5,64.55,100,45.92,40,100.62,100,23.52,30,9.62,10,6,6-9
CDMS0000823,145.29,160,3.35,5.5,79.21,100,39.49,40,104.97,100,32.3,30,12.76,10,10,6-9
CDMS0000824,167.95,160,3.58,5.5,92.78,100,41.85,40,63.46,100,25.05,30,7.75,10,9,6-9
CDMS0000825,129.4,160,3.64,5.5,102.67,100,31.83,40,63.62,100,32.85,30,9.53,10,8,6-9
CDMS0000826,122.89,160,4.55,5.5,102.09,100,28.34,40,72.81,100,34.06,30,9.06,10,9,6-9
CDMS0000827,117.44,160,3.26,5.5,73.36,100,29.61,40,104.66,100,35.69,30,11.05,10,7,6-9
CDMS0000828,137.8,160,4.9,5.5,71.56,100,45.66,40,105.43,100,34.58,30,10.74,10,7,6-9
CDMS0000829,129.62,160,4.16,5.5,94.23,100,35.05,40,107.08,100,23.56,30,11.65,10,10,6-9
CDMS0000830,145.51,160,5.15,5.5,106.38,100,33.94,40,80.34,100,22.87,30,6.69,10,8,6-9
CDMS0000831,120.52,160,4.23,5.5,82.49,100,26.31,40,86.77,100,35.59,30,10.94,10,10,6-9
CDMS0000832,141.97,160,3.53,5.5,73.75,100,45.09,40,91.63,100,33.77,30,8.94,10,6,6-9
CDMS0000833,113.78,160,4.16,5.5,103.19,100,26.54,40,101.75,100,21.87,30,7.52,10,10,6-9
CDMS0000834,170.55,160,4.19,5.5,80.57,100,28.91,40,69.95,100,22.78,30,6.58,10,9,6-9
CDMS0000835,155.98,160,4.71,5.5,99.19,100,33.17,40,79.82,100,35.02,30,10.82,10,6,6-9
CDMS0000836,123.82,160,5.9,5.5,64.8,100,28.48,40,80.94,100,33.81,30,7.82,10,9,6-9
CDMS0000837,170.35,160,4.74,5.5,72.49,100,26.77,40,88.83,100,21.17,30,9.94,10,10,6-9
CDMS0000838,133.78,160,3.47,5.5,110.79,100,35.42,40,80.45,100,23.62,30,10.9,10,8,6-9
CDMS0000839,103.63,160,3.65,5.5,78.69,100,31.3,40,80.66,100,28.8,30,10.8,10,7,6-9
CDMS0000840,126.98,160,5.64,5.5,89.73,100,35.17,40,91.07,100,31.37,30,9.95,10,7,6-9
CDMS0000841,126.34,160,3.47,5.5,93.48,100,30.32,40,83.67,100,34.48,30,10.3,10,7,6-9
CDMS0000842,158.98,160,5.87,5.5,95.64,100,34.47,40,100.15,100,21.49,30,6.38,10,9,6-9
CDMS0000843,164.81,160,5.61,5.5,72.63,100,42.76,40,103.95,100,33.02,30,7.82,10,7,6-9
CDMS0000844,138.63,160,4.7,5.5,104.53,100,28.35,40,101.97,100,31.55,30,8.04,10,10,6-9
CDMS0000845,102.78,160,3.51,5.5,92.14,100,44.09,40,65.94,100,24.45,30,10.33,10,7,6-9
CDMS0000846,152.33,160,5.03,5.5,68.07,100,44.87,40,70.73,100,28.34,30,10.39,10,6,6-9
CDMS0000847,146.34,160,4.53,5.5,98.7,100,30.83,40,94.94,100,22.21,30,7.65,10,7,6-9
CDMS0000848,159.81,160,5.72,5.5,74.49,100,28.54,40,65.98,100,35.31,30,8.71,10,10,6-9
CDMS0000849,159.79,160,3.07,5.5,96.03,100,45.55,40,105.81,100,29.07,30,9.73,10,8,6-9
CDMS0000850,166.29,160,3.28,5.5,77.59,100,39.51,40,110.27,100,34.81,30,6.23,10,7,6-9
CDMS0000851,158.18,160,4.75,5.5,106.84,100,43.72,40,83.27,100,28.45,30,10.95,10,7,6-9
CDMS0000852,113.83,160,3.78,5.5,88.77,100,44.22,40,65.44,100,20.84,30,8.28,10,7,6-9
CDMS0000853,168.19,160,5.27,5.5,86.29,100,38.15,40,76.19,100,22.53,30,8.05,10,9,6-9
CDMS0000854,109.34,160,5.54,5.5,69.61,100,27.63,40,69.77,100,21.76,30,10.33,10,9,6-9
CDMS0000855,111.27,160,3.2,5.5,80.34,100,27.87,40,97.88,100,24.29,30,9.48,10,9,6-9
CDMS0000856,147.97,160,4.59,5.5,107.43,100,35.19,40,105.42,100,27.17,30,8.79,10,10,6-9
CDMS0000857,131.71,160,4.95,5.5,67.56,100,30.54,40,108.7,100,29.99,30,6.66,10,6,6-9
CDMS0000858,112.42,160,4.63,5.5,76.88,100,40.25,40,98.54,100,32.78,30,6.96,10,10,6-9
CDMS0000859,170.03,160,5.65,5.5,109.23,100,32.32,40,103.75,100,25.77,30,11.03,10,7,6-9
CDMS0000860,108.53,160,3.47,5.5,95.58,100,33.64,40,60.33,100,25.26,30,7.12,10,10,6-9
CDMS0000861,106.03,160,5.77,5.5,66.93,100,43.19,40,86.1,100,32.92,30,6.95,10,6,6-9
CDMS0000862,148.72,160,5.13,5.5,105.75,100,32.7,40,74.63,100,35.59,30,8.48,10,6,6-9
CDMS0000863,126.19,160,5.41,5.5,104.79,100,26.28,40,75.3,100,25.72,30,12.16,10,8,6-9
CDMS0000864,165.42,160,4.22,5.5,69.46,100,28.05,40,103.37,100,29.93,30,11.78,10,7,6-9
CDMS0000865,146.09,160,3.18,5.5,62.21,100,44.79,40,100.66,100,24.7,30,11.95,10,9,6-9
CDMS0000866,145.15,160,3.23,5.5,60.8,100,33.6,40,104.88,100,32.71,30,12.74,10,9,6-9
CDMS0000867,163.38,160,4.72,5.5,67.11,100,28.05,40,60.64,100,21.63,30,12.4,10,10,6-9
CDMS0000868,140.85,160,3.37,5.5,110.34,100,37.05,40,84.76,100,21.69,30,11.26,10,10,6-9
CDMS0000869,153.83,160,4.75,5.5,85.58,100,42.71,40,66.99,100,21.62,30,9.58,10,7,6-9
CDMS0000870,111.62,160,5.46,5.5,60.49,100,41.52,40,74.66,100,28.13,30,9.69,10,6,6-9
CDMS0000871,160.12,160,5.06,5.5,108.52,100,33.73,40,75.61,100,20.48,30,8.79,10,9,6-9
CDMS0000872,109.93,160,3.9,5.5,76.67,100,44.93,40,69.82,100,33.41,30,12.03,10,6,6-9
CDMS0000873,158.43,160,5.57,5.5,102.27,100,36.27,40,108.59,100,34.05,30,7.52,10,6,6-9
CDMS0000874,163.25,160,5.53,5.5,91.53,100,42.92,40,89.1,100,22.63,30,8.2,10,10,6-9
CDMS0000875,112.74,160,3.81,5.5,84.25,100,34.98,40,98.67,100,26.39,30,11.89,10,7,6-9
CDMS0000876,116.14,160,3.64,5.5,106.42,100,44.72,40,110.46,100,32.29,30,6.86,10,8,6-9
CDMS0000877,116.98,160,3.18,5.5,97.05,100,32.78,40,97.05,100,32.37,30,6.89,10,6,6-9
CDMS0000878,105.51,160,5.85,5.5,106.56,100,32.27,40,103.93,100,25.78,30,8.92,10,6,6-9
CDMS0000879,134.08,160,4.09,5.5,100.51,100,28.94,40,63.76,100,31.19,30,9.46,10,10,6-9
CDMS0000880,112.75,160,4.5,5.5,62.82,100,42.65,40,103.01,100,31.57,30,8.25,10,10,6-9
CDMS0000881,170.02,160,3.78,5.5,78.34,100,43.8,40,98.44,100,24.51,30,8.58,10,7,6-9
CDMS0000882,117.5,160,5.11,5.5,92.41,100,32.42,40,66.81,100,27.89,30,8.91,10,8,6-9
CDMS0000883,128.07,160,3.63,5.5,107.98,100,34.01,40,71.24,100,27.88,30,9.67,10,7,6-9
CDMS0000884,139.52,160,4.81,5.5,102.18,100,41.81,40,100.21,100,30.35,30,7.65,10,10,6-9
CDMS0000885,169.92,160,3.56,5.5,67.57,100,30.56,40,76.28,100,21.67,30,9.61,10,10,6-9
CDMS0000886,129.21,160,3.64,5.5,76.36,100,27.3,40,100.32,100,19.58,30,11.04,10,9,6-9
CDMS0000887,110.55,160,4.37,5.5,108.18,100,39.25,40,95.14,100,31.09,30,10.52,10,10,6-9
CDMS0000888,118.56,160,4.64,5.5,73.51,100,26.54,40,65.28,100,28.89,30,6.61,10,6,6-9
CDMS0000889,101.48,160,4.47,5.5,108.29,100,29.51,40,87.87,100,26.63,30,9.33,10,8,6-9
CDMS0000890,149.2,160,5.39,5.5,61.67,100,44.55,40,62.33,100,34.65,30,8.08,10,10,6-9
CDMS0000891,109.64,160,5.35,5.5,109.52,100,29.03,40,71.33,100,25.31,30,9.03,10,6,6-9
CDMS0000892,127.31,160,3.72,5.5,91.68,100,41.34,40,75.61,100,23.39,30,12.29,10,8,6-9
CDMS0000893,102.07,160,5.53,5.5,68.05,100,43.76,40,69.74,100,26.63,30,12.88,10,6,6-9
CDMS0000894,146.64,160,4.63,5.5,87.66,100,34.26,40,88.06,100,22.67,30,9.87,10,6,6-9
CDMS0000895,132.49,160,4.49,5.5,79.5,100,41.34,40,74.6,100,35.34,30,6.52,10,8,6-9
CDMS0000896,141.08,160,5.04,5.5,102.43,100,44.14,40,79.36,100,31.03,30,6.34,10,6,6-9
CDMS0000897,111.5,160,3.68,5.5,68.14,100,39.96,40,70.91,100,34.47,30,10.24,10,8,6-9
CDMS0000898,141.2,160,5.21,5.5,90.4,100,29.27,40,109.7,100,29.04,30,8.79,10,9,6-9
CDMS0000899,151.42,160,3.32,5.5,93.28,100,32.63,40,85.96,100,24.08,30,11.13,10,10,6-9
CDMS0000900,107.48,160,3.58,5.5,80.86,100,44.82,40,92.38,100,28.93,30,7.69,10,8,6-9
CDMS0000901,122.8,160,5.61,5.5,99.47,100,36.99,40,104.21,100,24.18,30,8.26,10,9,6-9
CDMS0000902,146.53,160,5.55,5.5,83.13,100,33.3,40,77.2,100,26.45,30,6.69,10,8,6-9
CDMS0000903,145.94,160,4.1,5.5,76.24,100,31.64,40,107.02,100,28.97,30,12.39,10,8,6-9
CDMS0000904,143.73,160,3.17,5.5,77.69,100,26.24,40,98.9,100,25.27,30,9.22,10,10,6-9
CDMS0000905,128.35,160,5.32,5.5,83.69,100,27.91,40,63.52,100,35.02,30,8.73,10,10,6-9
CDMS0000906,133.52,160,4.5,5.5,72.13,100,38.86,40,64.88,100,19.78,30,9.27,10,10,6-9
CDMS0000907,163.61,160,5.8,5.5,100.22,100,26.2,40,83.03,100,26.38,30,8.72,10,6,6-9
CDMS0000908,157.5,160,4.56,5.5,91.52,100,35.01,40,75.51,100,33.11,30,9.03,10,7,6-9
CDMS0000909,128.37,160,4.49,5.5,68.47,100,41.18,40,80.08,100,26.09,30,12.15,10,6,6-9
CDMS0000910,152.36,160,5.16,5.5,72.87,100,45.04,40,76.16,100,22.68,30,6.98,10,10,6-9
CDMS0000911,147.34,160,3.34,5.5,68.73,100,30.57,40,110.57,100,34.2,30,6.24,10,6,6-9
CDMS0000912,169.87,160,3.92,5.5,84.9,100,37.94,40,72.51,100,28.15,30,12.12,10,10,6-9
CDMS0000913,118.02,160,3.01,5.5,68.22,100,29.84,40,109.96,100,27.52,30,8.31,10,6,6-9
CDMS0000914,164.6,160,4.46,5.5,65.77,100,42.93,40,61.96,100,23.74,30,10.96,10,8,6-9
CDMS0000915,140.72,160,4.98,5.5,98.19,100,29.91,40,67.87,100,34.38,30,10.66,10,8,6-9
CDMS0000916,126.39,160,3.64,5.5,87.34,100,29.11,40,93.66,100,24.1,30,9.29,10,8,6-9
CDMS0000917,159.36,160,5.13,5.5,80.13,100,30.48,40,66.88,100,29.17,30,8.79,10,9,6-9
CDMS0000918,150.06,160,4.14,5.5,72.12,100,44.94,40,72.45,100,31.33,30,9.22,10,7,6-9
CDMS0000919,148.46,160,4.83,5.5,70.34,100,34.35,40,82.46,100,33.31,30,6.83,10,8,6-9
CDMS0000920,140.85,160,3.43,5.5,97.33,100,34.8,40,83.89,100,22.99,30,10.89,10,9,6-9
CDMS0000921,146.69,160,5.3,5.5,87.37,100,32.29,40,73.47,100,23.48,30,9.33,10,7,6-9
CDMS0000922,108.39,160,5.97,5.5,69.03,100,28.37,40,89.53,100,35.49,30,10.67,10,6,6-9
CDMS0000923,103.08,160,4.14,5.5,66.58,100,35.79,40,108.59,100,25.11,30,7.06,10,8,6-9
CDMS0000924,155.11,160,3.81,5.5,103.27,100,45.49,40,89.48,100,20.09,30,6.62,10,7,6-9
CDMS0000925,106.98,160,4.39,5.5,96.72,100,39.51,40,74.45,100,30.62,30,12.8,10,9,6-9
CDMS0000926,136.44,160,3.89,5.5,68.73,100,34.9,40,72.51,100,26.83,30,12.33,10,9,6-9
CDMS0000927,105.96,160,4.99,5.5,61.25,100,35.84,40,97.33,100,35.57,30,8.68,10,8,6-9
CDMS0000928,148.04,160,4.78,5.5,64.52,100,44.89,40,103.24,100,33.27,30,9.44,10,7,6-9
CDMS0000929,103.06,160,5.39,5.5,60.24,100,35.01,40,65.29,100,21.72,30,8.69,10,6,6-9
CDMS0000930,153.66,160,4.16,5.5,87.94,100,33.6,40,109.76,100,27.7,30,6.62,10,7,6-9
CDMS0000931,120.61,160,4.96,5.5,95.56,100,43.66,40,89.09,100,29.94,30,9.18,10,6,6-9
CDMS0000932,108.7,160,5.38,5.5,60.32,100,37.01,40,75.05,100,22.92,30,10.91,10,10,6-9
CDMS0000933,160.83,160,5.84,5.5,89.28,100,28.27,40,92.31,100,33.79,30,9.21,10,8,6-9
CDMS0000934,116.65,160,4.44,5.5,86.63,100,31.66,40,83.38,100,28.38,30,12.43,10,9,6-9
CDMS0000935,142.12,160,4.78,5.5,103.72,100,28.39,40,80.35,100,26.65,30,8.02,10,9,6-9
CDMS0000936,117.32,160,5.18,5.5,103.49,100,44.33,40,103.53,100,21.12,30,9.03,10,8,6-9
CDMS0000937,109.57,160,3.2,5.5,62.62,100,26.56,40,99.5,100,26.4,30,11.19,10,6,6-9
CDMS0000938,153.05,160,5.09,5.5,76.03,100,40.45,40,88.69,100,19.59,30,6.8,10,8,6-9
CDMS0000939,168.98,160,3.66,5.5,79.39,100,26.94,40,74.82,100,26.93,30,8.72,10,8,6-9
CDMS0000940,142.88,160,3.12,5.5,80.41,100,29.76,40,97.14,100,19.11,30,8.66,10,8,6-9
CDMS0000941,149.96,160,3.19,5.5,102.06,100,32.85,40,104.42,100,24.81,30,6.05,10,10,6-9
CDMS0000942,105.63,160,4.2,5.5,96.75,100,36.43,40,70.52,100,19.04,30,8.87,10,7,6-9
CDMS0000943,132.34,160,5.28,5.5,65.7,100,41.27,40,84.54,100,26.38,30,11.73,10,7,6-9
CDMS0000944,135.74,160,4.05,5.5,83.19,100,35.14,40,81.44,100,33.51,30,10.52,10,9,6-9
CDMS0000945,137.55,160,4.3,5.5,93.88,100,29.39,40,91.07,100,28.11,30,11.49,10,6,6-9
CDMS0000946,149.05,160,5.04,5.5,105.22,100,29.44,40,72.26,100,22.5,30,8.02,10,6,6-9
CDMS0000947,121.38,160,4.38,5.5,60.22,100,28.92,40,75.37,100,35.36,30,8.51,10,10,6-9
CDMS0000948,104.49,160,3.01,5.5,72.85,100,26.85,40,92.69,100,28.53,30,12.26,10,6,6-9
CDMS0000949,159.73,160,3.59,5.5,95.4,100,30.79,40,109.21,100,26.77,30,9.44,10,9,6-9
CDMS0000950,170.31,160,4.7,5.5,87.15,100,33.38,40,98.35,100,34.46,30,10.39,10,6,6-9
CDMS0000951,112.26,160,3.54,5.5,82.81,100,31.03,40,86.43,100,28.29,30,6.34,10,6,6-9
CDMS0000952,140.39,160,4.01,5.5,90.68,100,33.82,40,96.57,100,33.44,30,11.73,10,10,6-9
CDMS0000953,102.93,160,5.02,5.5,87.07,100,33.03,40,60.35,100,22.93,30,11.18,10,6,6-9
CDMS0000954,136.05,160,5.64,5.5,110.06,100,36.36,40,104.28,100,30.16,30,11.78,10,9,6-9
CDMS0000955,167.67,160,4.67,5.5,78.23,100,43.59,40,108.17,100,29.61,30,8.4,10,6,6-9
CDMS0000956,100.79,160,3.08,5.5,87.73,100,31.5,40,69.8,100,32.38,30,10.07,10,6,6-9
CDMS0000957,118.17,160,5.86,5.5,87.65,100,26.12,40,65.48,100,31.18,30,7.08,10,6,6-9
CDMS0000958,114.13,160,3.74,5.5,66.76,100,32.56,40,99.32,100,23.05,30,11.69,10,8,6-9
CDMS0000959,122.38,160,5.72,5.5,74.46,100,35.36,40,103.07,100,35.16,30,7.55,10,7,6-9
CDMS0000960,104.01,160,5.51,5.5,94.67,100,40.1,40,109.15,100,29.31,30,8.4,10,9,6-9
CDMS0000961,160.42,160,3.03,5.5,97.72,100,32.74,40,100.65,100,24.52,30,9.01,10,8,6-9
CDMS0000962,123.46,160,5.15,5.5,80.38,100,37.66,40,65.88,100,20.76,30,11.1,10,8,6-9
CDMS0000963,161.29,160,4.93,5.5,71.63,100,38.03,40,103.37,100,34.28,30,10.75,10,9,6-9
CDMS0000964,108.41,160,5.47,5.5,69.1,100,30.92,40,97.34,100,34.09,30,12.2,10,6,6-9
CDMS0000965,144.74,160,5.21,5.5,64.03,100,35.75,40,76.03,100,33.3,30,11.79,10,8,6-9
CDMS0000966,159.69,160,3.16,5.5,109.66,100,29.61,40,109.89,100,28.56,30,10.16,10,6,6-9
CDMS0000967,136.71,160,5.94,5.5,64.67,100,34.92,40,75.68,100,23.92,30,8.27,10,10,6-9
CDMS0000968,122.73,160,5.79,5.5,62.84,100,41.48,40,101.82,100,32.39,30,12.48,10,10,6-9
CDMS0000969,128.58,160,4.47,5.5,67.79,100,26.4,40,110.1,100,24.33,30,11.9,10,6,6-9
CDMS0000970,165.66,160,4.97,5.5,61.42,100,37.27,40,81.07,100,21.28,30,6.59,10,10,6-9
CDMS0000971,113.96,160,3.17,5.5,75.46,100,42.51,40,68.19,100,27.86,30,6.91,10,6,6-9
CDMS0000972,115.79,160,3.24,5.5,80.95,100,27.03,40,88.68,100,31.36,30,8.35,10,10,6-9
CDMS0000973,154.44,160,4.09,5.5,106.64,100,28.63,40,87.12,100,30.14,30,12.15,10,9,6-9
CDMS0000974,118.66,160,5.99,5.5,108.5,100,31.64,40,104.78,100,29.59,30,9.13,10,8,6-9
CDMS0000975,106.97,160,5.34,5.5,80.05,100,32.24,40,107.79,100,32.42,30,12.44,10,7,6-9
CDMS0000976,135.17,160,4.55,5.5,87.14,100,38.99,40,78.93,100,28.51,30,12.47,10,7,6-9
CDMS0000977,104.82,160,3.02,5.5,108.16,100,29.05,40,103.78,100,25.09,30,9.18,10,10,6-9
CDMS0000978,109.33,160,5.49,5.5,86.94,100,43.64,40,76.86,100,31.38,30,8.83,10,9,6-9
CDMS0000979,138.37,160,5.58,5.5,81.22,100,29.91,40,79.12,100,31.38,30,9.18,10,10,6-9
CDMS0000980,110.84,160,3.48,5.5,91.21,100,28.71,40,68.57,100,27.48,30,11.11,10,7,6-9
CDMS0000981,149.85,160,5.64,5.5,91.02,100,41.84,40,75.92,100,24.53,30,11.65,10,9,6-9
CDMS0000982,139.38,160,3.52,5.5,66.3,100,38.6,40,99.65,100,25.2,30,7.35,10,9,6-9
CDMS0000983,136.43,160,3.66,5.5,106.34,100,37.24,40,93.07,100,23.5,30,9.71,10,9,6-9
CDMS0000984,119.8,160,4.15,5.5,102.76,100,39.54,40,82.37,100,20.71,30,11.84,10,6,6-9
CDMS0000985,156.39,160,4.24,5.5,86.24,100,28.23,40,107.97,100,30.3,30,8.2,10,8,6-9
CDMS0000986,100.24,160,4.61,5.5,104.71,100,39.07,40,77.7,100,21.5,30,6.88,10,9,6-9
CDMS0000987,120.68,160,4.39,5.5,67.65,100,39.11,40,66.04,100,32.65,30,10.3,10,10,6-9
CDMS0000988,160.3,160,3.22,5.5,78.82,100,37.78,40,109.05,100,34.88,30,7.93,10,6,6-9
CDMS0000989,166.18,160,3.94,5.5,61.98,100,39.76,40,64.1,100,34.88,30,11.38,10,8,6-9
CDMS0000990,108.59,160,3.52,5.5,85.69,100,45.22,40,63.68,100,19.54,30,11.33,10,9,6-9
CDMS0000991,108.66,160,3.21,5.5,79.13,100,42.79,40,104.9,100,28.75,30,6.27,10,6,6-9
CDMS0000992,163.5,160,3.91,5.5,79.89,100,39.95,40,68.62,100,30.3,30,12.08,10,9,6-9
CDMS0000993,116.02,160,3.2,5.5,88.4,100,30.25,40,106.17,100,21.53,30,8.12,10,9,6-9
CDMS0000994,156.64,160,4.24,5.5,95.7,100,30.29,40,82.04,100,19.15,30,9.18,10,6,6-9
CDMS0000995,120.69,160,5.43,5.5,91.49,100,34.62,40,98.8,100,28.4,30,9.49,10,8,6-9
CDMS0000996,163.85,160,4.6,5.5,95.46,100,40.39,40,76.48,100,32.17,30,11.37,10,6,6-9
CDMS0000997,114.24,160,4.39,5.5,75.87,100,32.99,40,85.99,100,32.52,30,11.68,10,6,6-9
CDMS0000998,166.42,160,4.68,5.5,68.73,100,40.77,40,93.19,100,28.77,30,8.2,10,7,6-9
CDMS0000999,123.47,160,3.62,5.5,62.96,100,37.41,40,76.9,100,27.88,30,10.14,10,7,6-9
CDMS0001000,135.9,160,5.56,5.5,62.44,100,37.77,40,71.19,100,32.72,30,11.08,10,7,6-9